ticker,status,reason,start_date,end_date,updated_at,source
BIKE,SUSPEND,Penghentian Sementara Perdagangan (Suspend) Saham PT Bhineka Inovasi Ketahanan Energi Tbk. (BIKE),2026-09-21,2026-10-05,2026-10-05,idx_announcement_suspend
BSWD,SUSPEND,Penghentian Sementara Perdagangan (Suspend) Saham PT Bank Of India Indonesia Tbk. (BSWD),2026-09-30,2026-10-14,2026-10-05,idx_announcement_suspend
CMNT,UMA,UMA atas Saham PT Cemindo Gemilang Tbk. (CMNT),2026-09-25,2026-10-09,2026-10-05,idx_announcement_uma
GAMA,SUSPEND,Penghentian Sementara Perdagangan Efek Aksara Global Development Tbk (GAMA),2026-10-05,2026-10-19,2026-10-05,idx_announcement_suspend
INDO,UMA,UMA atas Saham PT Royalindo Investa Wijaya Tbk. (INDO),2026-09-30,2026-10-14,2026-10-05,idx_announcement_uma
KEEN,UMA,UMA atas Saham PT Kencana Energi Lestari Tbk. (KEEN),2026-09-29,2026-10-13,2026-10-05,idx_announcement_uma
MGLV,MATERIAL,Submission of Material Transaction/Changes in Main Business Activities [ MGLV ],2026-10-05,2026-10-19,2026-10-05,idx_announcement_material
PTPP,SUSPEND,Penghentian Sementara Perdagangan Efek PP (Persero) Tbk (PTPP),2026-10-05,2026-10-19,2026-10-05,idx_announcement_suspend
PURE,SUSPEND,Penghentian Sementara Perdagangan Efek PT Trinitan Metals and Minerals Tbk (PURE),2026-09-30,2026-10-14,2026-10-05,idx_announcement_suspend
SMMT,SUSPEND,Penghentian Sementara Perdagangan (Suspend) Saham PT Golden Eagle Energy Tbk. (SMMT),2026-09-30,2026-10-14,2026-10-05,idx_announcement_suspend
SRSN,UMA,UMA atas Saham PT Indo Acidatama Tbk (SRSN),2026-09-30,2026-10-14,2026-10-05,idx_announcement_uma
WSBP,SUSPEND,Penghentian Sementara Perdagangan Efek PT Waskita Beton Precast Tbk. (WSBP),2026-09-28,2026-10-12,2026-10-05,idx_announcement_suspend
