mode,score_bucket,trade_count,precision_pct,expectancy_r,profit_factor_r,avg_win_r,avg_loss_r,avg_mae_r,worst_mae_r,avg_mfe_r,median_score,tp1_touch_rate_pct,tp2_hit_rate_pct,stop_rate_pct,breakeven_rate_pct,live_trade_count,live_expectancy_r,live_profit_factor_r
swing,90-95,3,0.0,-1.1146,0.0,0.0,-1.1146,-1.517,-1.6592,0.2528,91.05,0.0,0.0,100.0,0.0,3,-1.1146,0.0
t1,70-80,8,12.5,-0.3259,0.0328,0.0884,-0.385,-0.3294,-1.1665,0.1187,79.19,0.0,0.0,12.5,0.0,0,0.0,0.0
swing,70-80,379,26.39,-0.2533,0.5337,1.0985,-0.7378,-0.8222,-2.0954,0.7744,73.89,29.02,10.03,41.95,10.82,379,-0.2533,0.5337
swing,60-70,560,30.71,-0.2232,0.5377,0.8454,-0.697,-0.7387,-2.3423,0.7996,65.355,29.29,7.14,37.14,12.68,124,-0.258,0.5119
swing,0-60,999,34.33,-0.2096,0.5851,0.8607,-0.7692,-0.7816,-4.04,0.7451,49.3,27.83,8.01,38.54,8.21,0,0.0,0.0
t1,60-70,163,33.13,-0.1371,0.4414,0.327,-0.367,-0.3334,-3.4339,0.2537,65.0,3.68,0.0,4.29,0.0,0,0.0,0.0
t1,80-90,150,27.33,-0.1343,0.3451,0.2588,-0.2821,-0.2912,-2.4107,0.2553,85.0,2.0,0.0,2.67,0.0,0,0.0,0.0
t1,95-100,1532,32.05,-0.1227,0.4355,0.2955,-0.32,-0.2928,-2.3423,0.2757,99.32,3.92,0.33,2.42,0.0,1532,-0.1227,0.4355
t1,90-95,390,29.74,-0.1192,0.4091,0.2774,-0.2871,-0.2652,-1.6184,0.2514,93.32,2.05,0.0,1.54,0.0,0,0.0,0.0
t1,0-60,47,40.43,-0.0493,0.702,0.2871,-0.2775,-0.241,-1.0482,0.2919,34.3,2.13,0.0,2.13,0.0,0,0.0,0.0
swing,80-90,111,44.14,0.2247,1.6535,1.2882,-0.6157,-0.5964,-1.9542,1.1358,83.09,46.85,26.13,27.03,15.32,111,0.2247,1.6535
