date,ticker,close_primary,close_reference,matched,close_diff_pct,mismatch
2026-09-22,AADI,11150.0,11150,True,0.0,False
2026-09-22,ADMR,1520.0,1520,True,0.0,False
2026-09-22,ADRO,2610.0,2610,True,0.0,False
2026-09-22,AKRA,1450.0,1450,True,0.0,False
2026-09-22,AMMN,4710.0,4710,True,0.0,False
2026-09-22,AMRT,1305.0,1305,True,0.0,False
2026-09-22,ANTM,3170.0,3170,True,0.0,False
2026-09-22,ASII,4780.0,4780,True,0.0,False
2026-09-22,BBCA,6200.0,6200,True,0.0,False
2026-09-22,BBNI,3570.0,3570,True,0.0,False
2026-09-22,BBRI,3180.0,3180,True,0.0,False
2026-09-22,BBTN,1130.0,1130,True,0.0,False
2026-09-22,BMRI,4160.0,4160,True,0.0,False
2026-09-22,BRPT,1565.0,1565,True,0.0,False
2026-09-22,BUMI,184.0,184,True,0.0,False
2026-09-22,CPIN,3140.0,3140,True,0.0,False
2026-09-22,CUAN,950.0,950,True,0.0,False
2026-09-22,DEWA,348.0,348,True,0.0,False
2026-09-22,EMTK,448.0,448,True,0.0,False
2026-09-22,ESSA,595.0,595,True,0.0,False
2026-09-22,EXCL,2410.0,2410,True,0.0,False
2026-09-22,GOTO,50.0,50,True,0.0,False
2026-09-22,HRTA,2170.0,2170,True,0.0,False
2026-09-22,ICBP,6650.0,6650,True,0.0,False
2026-09-22,INCO,4680.0,4680,True,0.0,False
2026-09-22,INDF,6925.0,6925,True,0.0,False
2026-09-22,INDY,2590.0,2590,True,0.0,False
2026-09-22,INKP,8350.0,8350,True,0.0,False
2026-09-22,ISAT,2410.0,2410,True,0.0,False
2026-09-22,ITMG,25300.0,25300,True,0.0,False
2026-09-22,JPFA,2230.0,2230,True,0.0,False
2026-09-22,KLBF,750.0,750,True,0.0,False
2026-09-22,MAPI,1495.0,1495,True,0.0,False
2026-09-22,MBMA,505.0,505,True,0.0,False
2026-09-22,MDKA,2830.0,2830,True,0.0,False
2026-09-22,MEDC,1465.0,1465,True,0.0,False
2026-09-22,NCKL,915.0,915,True,0.0,False
2026-09-22,PGAS,1455.0,1455,True,0.0,False
2026-09-22,PGEO,1065.0,1065,True,0.0,False
2026-09-22,PTBA,3010.0,3010,True,0.0,False
2026-09-22,SCMA,177.0,177,True,0.0,False
2026-09-22,TLKM,2470.0,2470,True,0.0,False
2026-09-22,UNTR,24325.0,24325,True,0.0,False
2026-09-22,UNVR,1620.0,1620,True,0.0,False
2026-09-22,WIFI,1800.0,1800,True,0.0,False
2026-09-23,AADI,11275.0,11275,True,0.0,False
2026-09-23,ADMR,1560.0,1560,True,0.0,False
2026-09-23,ADRO,2600.0,2600,True,0.0,False
2026-09-23,AKRA,1460.0,1460,True,0.0,False
2026-09-23,AMMN,4870.0,4870,True,0.0,False
2026-09-23,AMRT,1310.0,1310,True,0.0,False
2026-09-23,ANTM,3280.0,3280,True,0.0,False
2026-09-23,ASII,4750.0,4750,True,0.0,False
2026-09-23,BBCA,6300.0,6300,True,0.0,False
2026-09-23,BBNI,3590.0,3590,True,0.0,False
2026-09-23,BBRI,3190.0,3190,True,0.0,False
2026-09-23,BBTN,1140.0,1140,True,0.0,False
2026-09-23,BMRI,4190.0,4190,True,0.0,False
2026-09-23,BRPT,1620.0,1620,True,0.0,False
2026-09-23,BUMI,193.0,193,True,0.0,False
2026-09-23,CPIN,3080.0,3080,True,0.0,False
2026-09-23,CUAN,960.0,960,True,0.0,False
2026-09-23,DEWA,380.0,380,True,0.0,False
2026-09-23,EMTK,446.0,446,True,0.0,False
2026-09-23,ESSA,610.0,610,True,0.0,False
2026-09-23,EXCL,2440.0,2440,True,0.0,False
2026-09-23,GOTO,50.0,50,True,0.0,False
2026-09-23,HRTA,2300.0,2300,True,0.0,False
2026-09-23,ICBP,6875.0,6875,True,0.0,False
2026-09-23,INCO,4790.0,4790,True,0.0,False
2026-09-23,INDF,6925.0,6925,True,0.0,False
2026-09-23,INDY,2850.0,2850,True,0.0,False
2026-09-23,INKP,8450.0,8450,True,0.0,False
2026-09-23,ISAT,2420.0,2420,True,0.0,False
2026-09-23,ITMG,25200.0,25200,True,0.0,False
2026-09-23,JPFA,2260.0,2260,True,0.0,False
2026-09-23,KLBF,755.0,755,True,0.0,False
2026-09-23,MAPI,1510.0,1510,True,0.0,False
2026-09-23,MBMA,525.0,525,True,0.0,False
2026-09-23,MDKA,3080.0,3080,True,0.0,False
2026-09-23,MEDC,1465.0,1465,True,0.0,False
2026-09-23,NCKL,950.0,950,True,0.0,False
2026-09-23,PGAS,1440.0,1440,True,0.0,False
2026-09-23,PGEO,1090.0,1090,True,0.0,False
2026-09-23,PTBA,3050.0,3050,True,0.0,False
2026-09-23,SCMA,179.0,179,True,0.0,False
2026-09-23,TLKM,2440.0,2440,True,0.0,False
2026-09-23,UNTR,24400.0,24400,True,0.0,False
2026-09-23,UNVR,1630.0,1630,True,0.0,False
2026-09-23,WIFI,1840.0,1840,True,0.0,False
2026-09-24,AADI,11150.0,11150,True,0.0,False
2026-09-24,ADMR,1535.0,1535,True,0.0,False
2026-09-24,ADRO,2560.0,2560,True,0.0,False
2026-09-24,AKRA,1490.0,1490,True,0.0,False
2026-09-24,AMMN,4730.0,4730,True,0.0,False
2026-09-24,AMRT,1280.0,1280,True,0.0,False
2026-09-24,ANTM,3270.0,3270,True,0.0,False
2026-09-24,ASII,4770.0,4770,True,0.0,False
2026-09-24,BBCA,6225.0,6225,True,0.0,False
2026-09-24,BBNI,3520.0,3520,True,0.0,False
2026-09-24,BBRI,3140.0,3140,True,0.0,False
2026-09-24,BBTN,1110.0,1110,True,0.0,False
2026-09-24,BMRI,4070.0,4070,True,0.0,False
2026-09-24,BRPT,1560.0,1560,True,0.0,False
2026-09-24,BUMI,185.0,185,True,0.0,False
2026-09-24,CPIN,3020.0,3020,True,0.0,False
2026-09-24,CUAN,940.0,940,True,0.0,False
2026-09-24,DEWA,364.0,364,True,0.0,False
2026-09-24,EMTK,430.0,430,True,0.0,False
2026-09-24,ESSA,595.0,595,True,0.0,False
2026-09-24,EXCL,2400.0,2400,True,0.0,False
2026-09-24,GOTO,50.0,50,True,0.0,False
2026-09-24,HRTA,2310.0,2310,True,0.0,False
2026-09-24,ICBP,6975.0,6975,True,0.0,False
2026-09-24,INCO,4720.0,4720,True,0.0,False
2026-09-24,INDF,6950.0,6950,True,0.0,False
2026-09-24,INDY,2780.0,2780,True,0.0,False
2026-09-24,INKP,8150.0,8150,True,0.0,False
2026-09-24,ISAT,2400.0,2400,True,0.0,False
2026-09-24,ITMG,25050.0,25050,True,0.0,False
2026-09-24,JPFA,2180.0,2180,True,0.0,False
2026-09-24,KLBF,735.0,735,True,0.0,False
2026-09-24,MAPI,1510.0,1510,True,0.0,False
2026-09-24,MBMA,505.0,505,True,0.0,False
2026-09-24,MDKA,3060.0,3060,True,0.0,False
2026-09-24,MEDC,1490.0,1490,True,0.0,False
2026-09-24,NCKL,915.0,915,True,0.0,False
2026-09-24,PGAS,1440.0,1440,True,0.0,False
2026-09-24,PGEO,1070.0,1070,True,0.0,False
2026-09-24,PTBA,3050.0,3050,True,0.0,False
2026-09-24,SCMA,173.0,173,True,0.0,False
2026-09-24,TLKM,2410.0,2410,True,0.0,False
2026-09-24,UNTR,24150.0,24150,True,0.0,False
2026-09-24,UNVR,1620.0,1620,True,0.0,False
2026-09-24,WIFI,1805.0,1805,True,0.0,False
2026-09-25,AADI,11250.0,11250,True,0.0,False
2026-09-25,ADMR,1525.0,1525,True,0.0,False
2026-09-25,ADRO,2600.0,2600,True,0.0,False
2026-09-25,AKRA,1465.0,1465,True,0.0,False
2026-09-25,AMMN,4720.0,4720,True,0.0,False
2026-09-25,AMRT,1305.0,1305,True,0.0,False
2026-09-25,ANTM,3230.0,3230,True,0.0,False
2026-09-25,ASII,4690.0,4690,True,0.0,False
2026-09-25,BBCA,6250.0,6250,True,0.0,False
2026-09-25,BBNI,3500.0,3500,True,0.0,False
2026-09-25,BBRI,3150.0,3150,True,0.0,False
2026-09-25,BBTN,1105.0,1105,True,0.0,False
2026-09-25,BMRI,4080.0,4080,True,0.0,False
2026-09-25,BRPT,1510.0,1510,True,0.0,False
2026-09-25,BUMI,182.0,182,True,0.0,False
2026-09-25,CPIN,3010.0,3010,True,0.0,False
2026-09-25,CUAN,935.0,935,True,0.0,False
2026-09-25,DEWA,356.0,356,True,0.0,False
2026-09-25,EMTK,420.0,420,True,0.0,False
2026-09-25,ESSA,580.0,580,True,0.0,False
2026-09-25,EXCL,2330.0,2330,True,0.0,False
2026-09-25,GOTO,50.0,50,True,0.0,False
2026-09-25,HRTA,2290.0,2290,True,0.0,False
2026-09-25,ICBP,6650.0,6650,True,0.0,False
2026-09-25,INCO,4680.0,4680,True,0.0,False
2026-09-25,INDF,6750.0,6750,True,0.0,False
2026-09-25,INDY,2690.0,2690,True,0.0,False
2026-09-25,INKP,8225.0,8225,True,0.0,False
2026-09-25,ISAT,2350.0,2350,True,0.0,False
2026-09-25,ITMG,25500.0,25500,True,0.0,False
2026-09-25,JPFA,2130.0,2130,True,0.0,False
2026-09-25,KLBF,735.0,735,True,0.0,False
2026-09-25,MAPI,1510.0,1510,True,0.0,False
2026-09-25,MBMA,500.0,500,True,0.0,False
2026-09-25,MDKA,3070.0,3070,True,0.0,False
2026-09-25,MEDC,1450.0,1450,True,0.0,False
2026-09-25,NCKL,905.0,905,True,0.0,False
2026-09-25,PGAS,1430.0,1430,True,0.0,False
2026-09-25,PGEO,1020.0,1020,True,0.0,False
2026-09-25,PTBA,3090.0,3090,True,0.0,False
2026-09-25,SCMA,171.0,171,True,0.0,False
2026-09-25,TLKM,2410.0,2410,True,0.0,False
2026-09-25,UNTR,24225.0,24225,True,0.0,False
2026-09-25,UNVR,1630.0,1630,True,0.0,False
2026-09-25,WIFI,1725.0,1725,True,0.0,False
2026-09-28,AADI,11625.0,11625,True,0.0,False
2026-09-28,ADMR,1525.0,1525,True,0.0,False
2026-09-28,ADRO,2590.0,2590,True,0.0,False
2026-09-28,AKRA,1460.0,1460,True,0.0,False
2026-09-28,AMMN,4530.0,4530,True,0.0,False
2026-09-28,AMRT,1330.0,1330,True,0.0,False
2026-09-28,ANTM,3100.0,3100,True,0.0,False
2026-09-28,ASII,4670.0,4670,True,0.0,False
2026-09-28,BBCA,6225.0,6225,True,0.0,False
2026-09-28,BBNI,3460.0,3460,True,0.0,False
2026-09-28,BBRI,3140.0,3140,True,0.0,False
2026-09-28,BBTN,1085.0,1085,True,0.0,False
2026-09-28,BMRI,4020.0,4020,True,0.0,False
2026-09-28,BRPT,1475.0,1475,True,0.0,False
2026-09-28,BUMI,180.0,180,True,0.0,False
2026-09-28,CPIN,2990.0,2990,True,0.0,False
2026-09-28,CUAN,910.0,910,True,0.0,False
2026-09-28,DEWA,350.0,350,True,0.0,False
2026-09-28,EMTK,408.0,408,True,0.0,False
2026-09-28,ESSA,570.0,570,True,0.0,False
2026-09-28,EXCL,2310.0,2310,True,0.0,False
2026-09-28,GOTO,43.0,43,True,0.0,False
2026-09-28,HRTA,2160.0,2160,True,0.0,False
2026-09-28,ICBP,6650.0,6650,True,0.0,False
2026-09-28,INCO,4400.0,4400,True,0.0,False
2026-09-28,INDF,6650.0,6650,True,0.0,False
2026-09-28,INDY,2640.0,2640,True,0.0,False
2026-09-28,INKP,7975.0,7975,True,0.0,False
2026-09-28,ISAT,2240.0,2240,True,0.0,False
2026-09-28,ITMG,25625.0,25625,True,0.0,False
2026-09-28,JPFA,2070.0,2070,True,0.0,False
2026-09-28,KLBF,720.0,720,True,0.0,False
2026-09-28,MAPI,1550.0,1550,True,0.0,False
2026-09-28,MBMA,496.0,496,True,0.0,False
2026-09-28,MDKA,2920.0,2920,True,0.0,False
2026-09-28,MEDC,1495.0,1495,True,0.0,False
2026-09-28,NCKL,885.0,885,True,0.0,False
2026-09-28,PGAS,1440.0,1440,True,0.0,False
2026-09-28,PGEO,1010.0,1010,True,0.0,False
2026-09-28,PTBA,3180.0,3180,True,0.0,False
2026-09-28,SCMA,167.0,167,True,0.0,False
2026-09-28,TLKM,2370.0,2370,True,0.0,False
2026-09-28,UNTR,24375.0,24375,True,0.0,False
2026-09-28,UNVR,1635.0,1635,True,0.0,False
2026-09-28,WIFI,1695.0,1695,True,0.0,False
