ticker,candidate_count,v1_live_count,v2_recommended_count,v2_recommended_rate_pct,all_precision_pct,all_expectancy_r,all_profit_factor_r,v2_precision_pct,v2_expectancy_r,v2_profit_factor_r,v2_avg_mae_r,v2_avg_mfe_r
AADI,25,17,0,0.0,48.0,0.1049,1.8456,0.0,0.0,0.0,0.0,0.0
ADMR,4,2,0,0.0,0.0,-0.3032,0.0,0.0,0.0,0.0,0.0,0.0
ADRO,135,63,0,0.0,26.67,-0.2424,0.3404,0.0,0.0,0.0,0.0,0.0
AKRA,171,84,0,0.0,30.41,-0.1882,0.4385,0.0,0.0,0.0,0.0,0.0
AMMN,113,55,0,0.0,33.63,-0.2059,0.3502,0.0,0.0,0.0,0.0,0.0
AMRT,5,3,0,0.0,0.0,-0.3043,0.0,0.0,0.0,0.0,0.0,0.0
ANTM,222,143,0,0.0,39.19,0.0441,1.1262,0.0,0.0,0.0,0.0,0.0
ARTO,69,42,0,0.0,28.99,-0.2029,0.3702,0.0,0.0,0.0,0.0,0.0
ASII,114,33,0,0.0,34.21,-0.1474,0.6248,0.0,0.0,0.0,0.0,0.0
BBCA,43,18,0,0.0,30.23,-0.2483,0.3506,0.0,0.0,0.0,0.0,0.0
BBNI,92,47,0,0.0,23.91,-0.3288,0.1748,0.0,0.0,0.0,0.0,0.0
BBRI,65,34,0,0.0,21.54,-0.383,0.1131,0.0,0.0,0.0,0.0,0.0
BBTN,105,64,0,0.0,34.29,-0.1873,0.5354,0.0,0.0,0.0,0.0,0.0
BMRI,69,38,0,0.0,36.23,-0.2679,0.3112,0.0,0.0,0.0,0.0,0.0
BRIS,57,35,0,0.0,40.35,-0.1854,0.3613,0.0,0.0,0.0,0.0,0.0
BRPT,173,94,0,0.0,50.29,0.2993,2.2948,0.0,0.0,0.0,0.0,0.0
BUMI,9,9,0,0.0,22.22,-0.1232,0.4039,0.0,0.0,0.0,0.0,0.0
CPIN,91,46,0,0.0,21.98,-0.3914,0.1674,0.0,0.0,0.0,0.0,0.0
CUAN,5,0,0,0.0,20.0,-0.6816,0.0118,0.0,0.0,0.0,0.0,0.0
EMTK,25,13,0,0.0,20.0,-0.4004,0.127,0.0,0.0,0.0,0.0,0.0
ESSA,66,32,0,0.0,22.73,-0.4308,0.1216,0.0,0.0,0.0,0.0,0.0
EXCL,168,57,0,0.0,27.98,-0.0634,0.7902,0.0,0.0,0.0,0.0,0.0
GOTO,107,46,0,0.0,23.36,-0.2431,0.3178,0.0,0.0,0.0,0.0,0.0
HRTA,15,11,0,0.0,40.0,-0.0828,0.6296,0.0,0.0,0.0,0.0,0.0
ICBP,79,48,0,0.0,20.25,-0.3596,0.1867,0.0,0.0,0.0,0.0,0.0
INCO,167,93,0,0.0,29.34,-0.0921,0.7097,0.0,0.0,0.0,0.0,0.0
INDF,137,44,0,0.0,32.85,-0.2759,0.3324,0.0,0.0,0.0,0.0,0.0
INKP,124,78,0,0.0,36.29,-0.1982,0.4381,0.0,0.0,0.0,0.0,0.0
INTP,20,9,0,0.0,20.0,-0.4261,0.0368,0.0,0.0,0.0,0.0,0.0
ISAT,142,72,0,0.0,25.35,-0.1996,0.4718,0.0,0.0,0.0,0.0,0.0
ITMG,92,39,0,0.0,32.61,-0.1449,0.6423,0.0,0.0,0.0,0.0,0.0
JPFA,5,2,0,0.0,20.0,-0.0555,0.5713,0.0,0.0,0.0,0.0,0.0
KLBF,90,44,0,0.0,34.44,-0.1689,0.4792,0.0,0.0,0.0,0.0,0.0
MAPI,173,86,0,0.0,32.95,-0.2032,0.3455,0.0,0.0,0.0,0.0,0.0
MBMA,118,51,0,0.0,33.05,-0.2127,0.4973,0.0,0.0,0.0,0.0,0.0
MDKA,145,77,0,0.0,35.17,-0.1672,0.5273,0.0,0.0,0.0,0.0,0.0
MEDC,191,98,0,0.0,34.03,-0.0804,0.7183,0.0,0.0,0.0,0.0,0.0
NCKL,48,34,0,0.0,37.5,-0.0906,0.673,0.0,0.0,0.0,0.0,0.0
PGAS,162,51,0,0.0,31.48,-0.205,0.4718,0.0,0.0,0.0,0.0,0.0
PGEO,9,6,0,0.0,33.33,-0.2787,0.1657,0.0,0.0,0.0,0.0,0.0
PTBA,117,58,0,0.0,39.32,0.0587,1.2264,0.0,0.0,0.0,0.0,0.0
SCMA,2,2,0,0.0,0.0,-0.38,0.0,0.0,0.0,0.0,0.0,0.0
SIDO,39,13,0,0.0,12.82,-0.4846,0.0778,0.0,0.0,0.0,0.0,0.0
SMGR,58,30,0,0.0,29.31,-0.2458,0.3543,0.0,0.0,0.0,0.0,0.0
SMRA,25,11,0,0.0,20.0,-0.2502,0.2781,0.0,0.0,0.0,0.0,0.0
TLKM,115,60,0,0.0,33.04,-0.1622,0.5618,0.0,0.0,0.0,0.0,0.0
TOWR,58,34,0,0.0,20.69,-0.2295,0.2653,0.0,0.0,0.0,0.0,0.0
UNTR,159,70,0,0.0,33.96,-0.1997,0.4798,0.0,0.0,0.0,0.0,0.0
UNVR,143,67,0,0.0,37.76,0.0359,1.1652,0.0,0.0,0.0,0.0,0.0
WIFI,6,4,0,0.0,16.67,-0.1967,0.17,0.0,0.0,0.0,0.0,0.0
