ticker,mode,edge_samples,raw_win_rate,raw_expectancy_r,shrunk_p_win,shrunk_expectancy_r,prior_p_win,prior_expectancy_r
BRPT,swing,121,0.495868,0.393129,0.471509,0.30919,0.324141,-0.198644
ANTM,swing,111,0.387387,0.197507,0.377731,0.137026,0.324141,-0.198644
UNVR,swing,58,0.396552,0.235445,0.377985,0.12414,0.324141,-0.198644
PTBA,swing,62,0.483871,0.219789,0.444913,0.117732,0.324141,-0.198644
BRPT,t1,52,0.519231,0.081074,0.462732,0.024478,0.315835,-0.122672
AADI,t1,24,0.458333,0.063804,0.393561,-0.020958,0.315835,-0.122672
INCO,swing,79,0.341772,0.006414,0.33821,-0.035012,0.324141,-0.198644
EXCL,swing,100,0.28,-0.03499,0.287357,-0.062265,0.324141,-0.198644
MBMA,t1,55,0.418182,-0.046259,0.390889,-0.066636,0.315835,-0.122672
NCKL,t1,28,0.428571,-0.043327,0.381598,-0.076387,0.315835,-0.122672
MDKA,t1,73,0.39726,-0.066659,0.379749,-0.078704,0.315835,-0.122672
INKP,t1,65,0.353846,-0.065635,0.344902,-0.079056,0.315835,-0.122672
ITMG,t1,29,0.344828,-0.056914,0.332994,-0.083754,0.315835,-0.122672
BRIS,t1,32,0.375,-0.060656,0.352244,-0.084508,0.315835,-0.122672
BMRI,t1,43,0.44186,-0.070454,0.401852,-0.087031,0.315835,-0.122672
EMTK,t1,13,0.307692,-0.041676,0.312627,-0.090764,0.315835,-0.122672
MEDC,t1,116,0.336207,-0.086418,0.333211,-0.09175,0.315835,-0.122672
INTP,t1,9,0.444444,-0.025392,0.355748,-0.092481,0.315835,-0.122672
ASII,swing,66,0.439394,-0.063304,0.412591,-0.094779,0.324141,-0.198644
ARTO,t1,44,0.340909,-0.086146,0.333073,-0.09756,0.315835,-0.122672
MAPI,t1,83,0.313253,-0.091943,0.313754,-0.09791,0.315835,-0.122672
MEDC,swing,75,0.346667,-0.071082,0.341924,-0.097937,0.324141,-0.198644
TLKM,swing,48,0.416667,-0.058053,0.389453,-0.099403,0.324141,-0.198644
ESSA,t1,38,0.394737,-0.090203,0.367529,-0.101399,0.315835,-0.122672
PGEO,t1,7,0.428571,-0.045094,0.345063,-0.102559,0.315835,-0.122672
AMMN,t1,59,0.355932,-0.096753,0.345781,-0.103315,0.315835,-0.122672
UNVR,t1,85,0.364706,-0.100284,0.355397,-0.104548,0.315835,-0.122672
HRTA,t1,15,0.4,-0.08275,0.351906,-0.105563,0.315835,-0.122672
BBCA,t1,21,0.238095,-0.090622,0.276017,-0.106256,0.315835,-0.122672
SMGR,t1,35,0.285714,-0.097247,0.296667,-0.106492,0.315835,-0.122672
EXCL,t1,68,0.279412,-0.105268,0.28769,-0.109223,0.315835,-0.122672
JPFA,t1,5,0.2,-0.055542,0.292668,-0.109246,0.315835,-0.122672
ANTM,t1,111,0.396396,-0.109393,0.384097,-0.11142,0.315835,-0.122672
BBTN,t1,58,0.344828,-0.113723,0.337394,-0.116017,0.315835,-0.122672
BUMI,t1,9,0.222222,-0.123167,0.286783,-0.122825,0.315835,-0.122672
TOWR,t1,44,0.227273,-0.122977,0.254948,-0.122882,0.315835,-0.122672
PTBA,t1,55,0.290909,-0.122973,0.297556,-0.122893,0.315835,-0.122672
CUAN,t1,2,0.5,-0.128172,0.332577,-0.123172,0.315835,-0.122672
ADRO,t1,71,0.267606,-0.127893,0.278206,-0.126745,0.315835,-0.122672
ISAT,t1,67,0.298507,-0.130931,0.302491,-0.129033,0.315835,-0.122672
KLBF,t1,54,0.351852,-0.133922,0.342118,-0.130881,0.315835,-0.122672
AADI,swing,1,1.0,1.091646,0.356325,-0.137202,0.324141,-0.198644
BBNI,t1,67,0.313433,-0.142398,0.313985,-0.137864,0.315835,-0.122672
WIFI,t1,6,0.166667,-0.196652,0.281412,-0.139744,0.315835,-0.122672
UNTR,t1,72,0.277778,-0.149506,0.286051,-0.143673,0.315835,-0.122672
SCMA,t1,2,0.0,-0.380035,0.287123,-0.146068,0.315835,-0.122672
PGAS,t1,72,0.263889,-0.154747,0.275182,-0.147774,0.315835,-0.122672
ADMR,t1,4,0.0,-0.303182,0.263196,-0.152757,0.315835,-0.122672
CPIN,t1,60,0.283333,-0.167069,0.291459,-0.155969,0.315835,-0.122672
AKRA,t1,97,0.268041,-0.163128,0.276211,-0.156213,0.315835,-0.122672
GOTO,t1,43,0.139535,-0.173135,0.195503,-0.157115,0.315835,-0.122672
AMRT,t1,5,0.0,-0.30432,0.252668,-0.159001,0.315835,-0.122672
INDF,t1,61,0.344262,-0.173341,0.337243,-0.16083,0.315835,-0.122672
INCO,t1,88,0.25,-0.180527,0.262192,-0.169813,0.315835,-0.122672
SMRA,t1,17,0.176471,-0.226168,0.251803,-0.170224,0.315835,-0.122672
SIDO,t1,25,0.16,-0.210428,0.22926,-0.171425,0.315835,-0.122672
NCKL,swing,20,0.3,-0.156706,0.312071,-0.177675,0.324141,-0.198644
ITMG,swing,63,0.31746,-0.185359,0.31907,-0.18856,0.324141,-0.198644
BBRI,t1,50,0.24,-0.235227,0.261667,-0.203068,0.315835,-0.122672
ICBP,t1,51,0.235294,-0.239535,0.257982,-0.206616,0.315835,-0.122672
TLKM,t1,67,0.268657,-0.236888,0.279502,-0.210632,0.315835,-0.122672
KLBF,swing,36,0.333333,-0.221354,0.33005,-0.213244,0.324141,-0.198644
AKRA,swing,74,0.351351,-0.221172,0.345562,-0.216378,0.324141,-0.198644
ASII,t1,48,0.208333,-0.26307,0.239952,-0.221777,0.315835,-0.122672
SMRA,swing,8,0.25,-0.301394,0.302958,-0.228001,0.324141,-0.198644
UNTR,swing,87,0.390805,-0.241175,0.378344,-0.233225,0.324141,-0.198644
PGAS,swing,90,0.355556,-0.245135,0.349844,-0.236682,0.324141,-0.198644
ISAT,swing,75,0.213333,-0.26091,0.236661,-0.247801,0.324141,-0.198644
MDKA,swing,72,0.305556,-0.26911,0.309596,-0.253791,0.324141,-0.198644
BBTN,swing,47,0.340426,-0.278089,0.335565,-0.254374,0.324141,-0.198644
GOTO,swing,64,0.296875,-0.290058,0.303367,-0.268293,0.324141,-0.198644
BRIS,swing,25,0.44,-0.345004,0.388507,-0.279955,0.324141,-0.198644
PGEO,swing,2,0.0,-1.096268,0.294674,-0.280246,0.324141,-0.198644
MAPI,swing,90,0.344444,-0.305841,0.340753,-0.286351,0.324141,-0.198644
AMMN,swing,54,0.314815,-0.325131,0.317335,-0.290946,0.324141,-0.198644
BBCA,swing,22,0.363636,-0.398842,0.344829,-0.30351,0.324141,-0.198644
INKP,swing,59,0.372881,-0.344219,0.360542,-0.307365,0.324141,-0.198644
CUAN,swing,3,0.0,-1.050581,0.281862,-0.309766,0.324141,-0.198644
ARTO,swing,25,0.2,-0.408302,0.255174,-0.315121,0.324141,-0.198644
MBMA,swing,63,0.253968,-0.357925,0.270877,-0.319544,0.324141,-0.198644
INDF,swing,76,0.315789,-0.358164,0.317529,-0.32493,0.324141,-0.198644
ADRO,swing,64,0.265625,-0.369374,0.279557,-0.328724,0.324141,-0.198644
SMGR,swing,23,0.304348,-0.471956,0.313554,-0.344834,0.324141,-0.198644
TOWR,swing,14,0.142857,-0.564409,0.249495,-0.349253,0.324141,-0.198644
INTP,swing,11,0.0,-0.753886,0.209123,-0.395665,0.324141,-0.198644
EMTK,swing,12,0.083333,-0.789104,0.233838,-0.420067,0.324141,-0.198644
ICBP,swing,28,0.142857,-0.578323,0.218392,-0.420123,0.324141,-0.198644
BMRI,swing,26,0.230769,-0.594406,0.271366,-0.422335,0.324141,-0.198644
BBRI,swing,15,0.133333,-0.875671,0.242366,-0.488798,0.324141,-0.198644
SIDO,swing,14,0.071429,-0.974219,0.220083,-0.517998,0.324141,-0.198644
BBNI,swing,25,0.04,-0.82834,0.166285,-0.548475,0.324141,-0.198644
CPIN,swing,31,0.096774,-0.825478,0.185938,-0.579661,0.324141,-0.198644
ESSA,swing,28,0.0,-0.892957,0.135059,-0.60366,0.324141,-0.198644
