ticker,trade_count,precision_pct,expectancy_r,profit_factor_r,avg_win_r,avg_loss_r,avg_mae_r,worst_mae_r,avg_mfe_r,median_score,tp1_touch_rate_pct,tp2_hit_rate_pct,stop_rate_pct,breakeven_rate_pct,live_trade_count,live_expectancy_r,live_profit_factor_r
CUAN,5,20.0,-0.6816,0.0118,0.0408,-0.8622,-0.7702,-1.1668,0.268,62.18,0.0,0.0,60.0,0.0,0,0.0,0.0
SIDO,39,12.82,-0.4846,0.0778,0.3189,-0.6028,-0.6177,-1.3995,0.2275,79.79,2.56,0.0,30.77,0.0,13,-0.3277,0.1905
ESSA,66,22.73,-0.4308,0.1216,0.2624,-0.6346,-0.6013,-1.4599,0.3128,85.0,1.52,0.0,28.79,0.0,32,-0.2392,0.2998
INTP,20,20.0,-0.4261,0.0368,0.0813,-0.5529,-0.7172,-1.659,0.458,78.94,20.0,0.0,35.0,20.0,9,-0.6772,0.0
EMTK,25,20.0,-0.4004,0.127,0.2913,-0.5734,-0.6367,-1.623,0.3707,85.0,8.0,0.0,32.0,8.0,13,-0.17,0.3827
CPIN,91,21.98,-0.3914,0.1674,0.3581,-0.6025,-0.5882,-1.8409,0.2648,91.75,4.4,0.0,25.27,1.1,46,-0.2974,0.1647
BBRI,65,21.54,-0.383,0.1131,0.2267,-0.5504,-0.5076,-1.8528,0.2241,94.61,1.54,0.0,24.62,0.0,34,-0.3215,0.0959
SCMA,2,0.0,-0.38,0.0,0.0,-0.38,-0.4846,-0.4927,0.1232,98.675,0.0,0.0,0.0,0.0,2,-0.38,0.0
ICBP,79,20.25,-0.3596,0.1867,0.4075,-0.5544,-0.6656,-2.1863,0.3427,93.84,7.59,0.0,22.78,5.06,48,-0.3118,0.1844
BBNI,92,23.91,-0.3288,0.1748,0.2912,-0.5236,-0.4927,-1.9759,0.2566,94.645,3.26,0.0,18.48,0.0,47,-0.1678,0.2792
AMRT,5,0.0,-0.3043,0.0,0.0,-0.3043,-0.4237,-0.8459,0.217,96.32,0.0,0.0,0.0,0.0,3,-0.2658,0.0
ADMR,4,0.0,-0.3032,0.0,0.0,-0.3032,-0.3126,-0.5845,0.2634,94.605,0.0,0.0,0.0,0.0,2,-0.3566,0.0
PGEO,9,33.33,-0.2787,0.1657,0.1661,-0.5011,-0.414,-1.2283,0.239,98.49,0.0,0.0,22.22,0.0,6,-0.0085,0.9073
INDF,137,32.85,-0.2759,0.3324,0.4182,-0.6154,-0.5638,-2.4107,0.3823,66.51,10.95,1.46,21.9,2.92,44,-0.305,0.1811
BMRI,69,36.23,-0.2679,0.3112,0.334,-0.6099,-0.488,-1.5254,0.3887,93.42,14.49,0.0,24.64,2.9,38,-0.1786,0.3563
SMRA,25,20.0,-0.2502,0.2781,0.4819,-0.4333,-0.5102,-1.5385,0.4558,92.94,16.0,4.0,16.0,8.0,11,-0.3084,0.018
BBCA,43,30.23,-0.2483,0.3506,0.4434,-0.5481,-0.5098,-1.4749,0.3677,71.45,4.65,0.0,18.6,0.0,18,-0.1348,0.5003
SMGR,58,29.31,-0.2458,0.3543,0.4603,-0.5386,-0.4792,-1.685,0.4,92.34,8.62,0.0,20.69,0.0,30,-0.244,0.2922
GOTO,107,23.36,-0.2431,0.3178,0.4845,-0.4649,-0.5603,-1.561,0.4715,69.68,15.89,0.0,18.69,7.48,46,-0.3784,0.1145
ADRO,135,26.67,-0.2424,0.3404,0.469,-0.5011,-0.5366,-1.7407,0.4222,74.18,11.85,0.0,18.52,3.7,63,-0.2281,0.3191
TOWR,58,20.69,-0.2295,0.2653,0.4007,-0.3939,-0.4227,-1.2878,0.2937,95.55,3.45,0.0,12.07,0.0,34,-0.2623,0.1221
MBMA,118,33.05,-0.2127,0.4973,0.6364,-0.6318,-0.5571,-1.503,0.6098,69.44,13.56,4.24,30.51,3.39,51,-0.1104,0.6067
AMMN,113,33.63,-0.2059,0.3502,0.33,-0.4774,-0.5001,-1.5744,0.4341,69.19,9.73,0.0,15.93,3.54,55,-0.1979,0.3026
PGAS,162,31.48,-0.205,0.4718,0.5815,-0.5663,-0.5544,-2.2776,0.522,66.585,19.75,1.85,22.84,4.32,51,-0.185,0.3372
MAPI,173,32.95,-0.2032,0.3455,0.3256,-0.4631,-0.5636,-3.0878,0.3912,79.86,8.67,2.31,18.5,4.05,86,-0.1749,0.2617
ARTO,69,28.99,-0.2029,0.3702,0.4114,-0.4536,-0.4607,-1.3334,0.4529,94.4,14.49,2.9,17.39,8.7,42,-0.1421,0.5145
UNTR,159,33.96,-0.1997,0.4798,0.5422,-0.5812,-0.5519,-2.0875,0.4744,71.3,13.21,2.52,23.27,1.89,70,-0.2692,0.207
ISAT,142,25.35,-0.1996,0.4718,0.7031,-0.5062,-0.5557,-1.5331,0.5395,75.29,20.42,4.93,22.54,9.15,72,-0.0787,0.7386
INKP,124,36.29,-0.1982,0.4381,0.4258,-0.5536,-0.5349,-1.9706,0.489,89.7,11.29,0.0,21.77,2.42,78,-0.2746,0.298
WIFI,6,16.67,-0.1967,0.17,0.2417,-0.2843,-0.2187,-0.4592,0.2879,96.74,0.0,0.0,0.0,0.0,4,-0.1748,0.2568
AKRA,171,30.41,-0.1882,0.4385,0.4834,-0.4817,-0.4788,-1.5501,0.4331,90.44,16.37,1.17,16.37,5.26,84,-0.2799,0.1331
BBTN,105,34.29,-0.1873,0.5354,0.6295,-0.6135,-0.5476,-1.7383,0.4589,82.04,12.38,1.9,24.76,0.0,64,-0.0792,0.761
BRIS,57,40.35,-0.1854,0.3613,0.2599,-0.4866,-0.5388,-2.1429,0.4466,91.88,3.51,0.0,17.54,0.0,35,-0.236,0.1717
KLBF,90,34.44,-0.1689,0.4792,0.4512,-0.4947,-0.4822,-1.4309,0.3764,92.18,10.0,0.0,14.44,0.0,44,-0.2158,0.2225
MDKA,145,35.17,-0.1672,0.5273,0.5303,-0.5456,-0.5204,-1.9185,0.514,79.84,16.55,2.76,24.14,6.21,77,-0.2163,0.3551
TLKM,115,33.04,-0.1622,0.5618,0.6296,-0.553,-0.5477,-2.3423,0.4587,92.72,9.57,7.83,18.26,0.0,60,-0.2306,0.2259
ASII,114,34.21,-0.1474,0.6248,0.7176,-0.5972,-0.5895,-1.7619,0.5707,64.47,17.54,7.02,22.81,5.26,33,-0.3093,0.1793
ITMG,92,32.61,-0.1449,0.6423,0.7976,-0.6009,-0.607,-1.8511,0.7423,72.705,32.61,7.61,28.26,14.13,39,-0.1314,0.6845
BUMI,9,22.22,-0.1232,0.4039,0.3755,-0.2657,-0.1973,-0.5927,0.3267,99.74,0.0,0.0,0.0,0.0,9,-0.1232,0.4039
INCO,167,29.34,-0.0921,0.7097,0.7674,-0.449,-0.4915,-1.6739,0.616,80.04,23.35,7.78,16.77,11.38,93,-0.0678,0.7576
NCKL,48,37.5,-0.0906,0.673,0.497,-0.4431,-0.516,-1.9914,0.5281,95.24,14.58,4.17,18.75,6.25,34,-0.1386,0.4165
HRTA,15,40.0,-0.0828,0.6296,0.3516,-0.3723,-0.2907,-0.8695,0.3159,100.0,6.67,0.0,0.0,0.0,11,-0.1843,0.2761
MEDC,191,34.03,-0.0804,0.7183,0.6024,-0.4326,-0.4475,-1.5873,0.5853,92.13,17.28,6.81,15.71,4.19,98,-0.1745,0.3402
EXCL,168,27.98,-0.0634,0.7902,0.8538,-0.4197,-0.4766,-2.0994,0.6939,68.26,23.21,8.33,13.69,10.71,57,-0.0058,0.9776
JPFA,5,20.0,-0.0555,0.5713,0.3701,-0.1619,-0.154,-0.4256,0.4747,94.3,0.0,0.0,0.0,0.0,2,-0.089,0.0
UNVR,143,37.76,0.0359,1.1652,0.6704,-0.3491,-0.346,-2.407,0.5592,85.0,13.99,9.09,4.9,2.8,67,-0.003,0.9846
ANTM,222,39.19,0.0441,1.1262,1.0032,-0.5741,-0.4935,-1.964,0.7559,83.825,27.93,16.22,22.07,6.31,143,0.1831,1.6647
PTBA,117,39.32,0.0587,1.2264,0.8082,-0.427,-0.5695,-4.04,0.6543,76.69,23.93,7.69,11.11,5.13,58,0.0959,1.3958
AADI,25,48.0,0.1049,1.8456,0.4771,-0.2386,-0.2293,-0.8424,0.4413,97.97,12.0,0.0,0.0,0.0,17,0.0231,1.1379
BRPT,173,50.29,0.2993,2.2948,1.0549,-0.4651,-0.4298,-1.7205,1.0561,71.35,44.51,20.23,15.61,13.29,94,0.4262,3.0231
