date,ticker,open,high,low,close,volume,source,ingested_at
2026-04-20,ADRO,2560.0,2570.0,2510.0,2530.0,90358300.0,yfinance_fallback,2026-05-19 07:25:56.245063
2026-04-21,ADRO,2540.0,2550.0,2500.0,2500.0,69061000.0,yfinance_fallback,2026-05-19 07:25:56.245063
2026-04-22,ADRO,2510.0,2530.0,2510.0,2520.0,43877700.0,yfinance_fallback,2026-05-19 07:25:56.245063
2026-04-23,ADRO,2540.0,2550.0,2500.0,2510.0,74040300.0,yfinance_fallback,2026-05-19 07:25:56.245063
2026-04-24,ADRO,2520.0,2530.0,2490.0,2510.0,72536300.0,yfinance_fallback,2026-05-19 07:25:56.245063
2026-04-27,ADRO,2530.0,2530.0,2500.0,2510.0,66406100.0,yfinance_fallback,2026-05-19 07:25:56.245063
2026-04-28,ADRO,2430.0,2470.0,2400.0,2410.0,71464700.0,yfinance_fallback,2026-05-19 07:25:56.245063
2026-04-29,ADRO,2420.0,2450.0,2420.0,2440.0,21919100.0,yfinance_fallback,2026-05-19 07:25:56.245063
2026-04-30,ADRO,2450.0,2520.0,2410.0,2520.0,79737000.0,yfinance_fallback,2026-05-19 07:25:56.245063
2026-05-04,ADRO,2520.0,2530.0,2470.0,2500.0,36445300.0,yfinance_fallback,2026-05-19 07:25:56.245063
2026-05-05,ADRO,2500.0,2520.0,2470.0,2510.0,36042300.0,yfinance_fallback,2026-05-19 07:25:56.245063
2026-05-06,ADRO,2510.0,2550.0,2500.0,2530.0,61070900.0,yfinance_fallback,2026-05-19 07:25:56.245063
2026-05-07,ADRO,2540.0,2560.0,2500.0,2500.0,90757300.0,yfinance_fallback,2026-05-19 07:25:56.245063
2026-05-08,ADRO,2500.0,2520.0,2470.0,2490.0,101293400.0,yfinance_fallback,2026-05-19 07:25:56.245063
2026-05-11,ADRO,2490.0,2500.0,2380.0,2450.0,110558500.0,yfinance_fallback,2026-05-19 07:25:56.245063
2026-05-12,ADRO,2460.0,2600.0,2460.0,2600.0,117844800.0,yfinance_fallback,2026-05-19 07:25:56.245063
2026-05-13,ADRO,2570.0,2570.0,2500.0,2520.0,39174000.0,yfinance_fallback,2026-05-19 07:25:56.245063
2026-05-14,ADRO,2520.0,2520.0,2520.0,2520.0,0.0,yfinance_fallback,2026-05-19 07:25:56.245063
2026-05-15,ADRO,2520.0,2520.0,2520.0,2520.0,0.0,yfinance_fallback,2026-05-19 07:25:56.245063
2026-05-18,ADRO,2500.0,2510.0,2410.0,2460.0,102220700.0,yfinance_fallback,2026-05-19 07:25:56.245063
2026-05-19,ADRO,2460.0,2470.0,2280.0,2330.0,161351600.0,yfinance_fallback,2026-05-19 07:25:56.245063
2026-05-20,ADRO,2290.0,2320.0,2140.0,2230.0,170511900.0,yfinance_fallback,2026-05-20 12:29:10.278102
2026-05-21,ADRO,2240.0,2270.0,2200.0,2210.0,101292300.0,yfinance_fallback,2026-05-21 12:48:51.407380
2026-04-20,AKRA,1485.0,1500.0,1480.0,1485.0,12719800.0,yfinance_fallback,2026-05-19 07:25:56.245063
2026-04-21,AKRA,1475.0,1485.0,1455.0,1460.0,16646200.0,yfinance_fallback,2026-05-19 07:25:56.245063
2026-04-22,AKRA,1465.0,1490.0,1465.0,1475.0,6366200.0,yfinance_fallback,2026-05-19 07:25:56.245063
2026-04-23,AKRA,1475.0,1525.0,1475.0,1490.0,17373800.0,yfinance_fallback,2026-05-19 07:25:56.245063
2026-04-24,AKRA,1500.0,1505.0,1425.0,1480.0,12867900.0,yfinance_fallback,2026-05-19 07:25:56.245063
2026-04-27,AKRA,1480.0,1580.0,1440.0,1560.0,48745800.0,yfinance_fallback,2026-05-19 07:25:56.245063
2026-04-28,AKRA,1560.0,1560.0,1525.0,1530.0,15167900.0,yfinance_fallback,2026-05-19 07:25:56.245063
2026-04-29,AKRA,1545.0,1570.0,1505.0,1550.0,14761400.0,yfinance_fallback,2026-05-19 07:25:56.245063
2026-04-30,AKRA,1570.0,1580.0,1525.0,1580.0,22504500.0,yfinance_fallback,2026-05-19 07:25:56.245063
2026-05-04,AKRA,1580.0,1580.0,1545.0,1570.0,11236400.0,yfinance_fallback,2026-05-19 07:25:56.245063
2026-05-05,AKRA,1570.0,1595.0,1520.0,1520.0,17122600.0,yfinance_fallback,2026-05-19 07:25:56.245063
2026-05-06,AKRA,1510.0,1565.0,1510.0,1560.0,17601400.0,yfinance_fallback,2026-05-19 07:25:56.245063
2026-05-07,AKRA,1520.0,1540.0,1485.0,1540.0,15130000.0,yfinance_fallback,2026-05-19 07:25:56.245063
2026-05-08,AKRA,1550.0,1555.0,1485.0,1500.0,6813500.0,yfinance_fallback,2026-05-19 07:25:56.245063
2026-05-11,AKRA,1500.0,1500.0,1430.0,1475.0,13167900.0,yfinance_fallback,2026-05-19 07:25:56.245063
2026-05-12,AKRA,1475.0,1490.0,1440.0,1490.0,8360100.0,yfinance_fallback,2026-05-19 07:25:56.245063
2026-05-13,AKRA,1480.0,1480.0,1450.0,1455.0,3465800.0,yfinance_fallback,2026-05-19 07:25:56.245063
2026-05-14,AKRA,1455.0,1455.0,1455.0,1455.0,0.0,yfinance_fallback,2026-05-19 07:25:56.245063
2026-05-15,AKRA,1455.0,1455.0,1455.0,1455.0,0.0,yfinance_fallback,2026-05-19 07:25:56.245063
2026-05-18,AKRA,1455.0,1485.0,1400.0,1465.0,20441700.0,yfinance_fallback,2026-05-19 07:25:56.245063
2026-05-19,AKRA,1465.0,1470.0,1355.0,1380.0,9513300.0,yfinance_fallback,2026-05-19 07:25:56.245063
2026-05-20,AKRA,1360.0,1400.0,1330.0,1390.0,40137100.0,yfinance_fallback,2026-05-20 12:29:10.278102
2026-05-21,AKRA,1390.0,1405.0,1280.0,1340.0,24031400.0,yfinance_fallback,2026-05-21 12:48:51.407380
2026-04-20,AMMN,5550.0,5725.0,5500.0,5550.0,12698600.0,yfinance_fallback,2026-05-19 07:25:56.245063
2026-04-21,AMMN,5600.0,5850.0,5550.0,5650.0,22074800.0,yfinance_fallback,2026-05-19 07:25:56.245063
2026-04-22,AMMN,5650.0,5750.0,5475.0,5475.0,13971700.0,yfinance_fallback,2026-05-19 07:25:56.245063
2026-04-23,AMMN,5500.0,5525.0,5225.0,5225.0,15606500.0,yfinance_fallback,2026-05-19 07:25:56.245063
2026-04-24,AMMN,5175.0,5250.0,4800.0,5000.0,43319800.0,yfinance_fallback,2026-05-19 07:25:56.245063
2026-04-27,AMMN,5075.0,5500.0,5025.0,5400.0,23501700.0,yfinance_fallback,2026-05-19 07:25:56.245063
2026-04-28,AMMN,5400.0,5425.0,5125.0,5125.0,14238400.0,yfinance_fallback,2026-05-19 07:25:56.245063
2026-04-29,AMMN,5100.0,5225.0,5075.0,5200.0,13034100.0,yfinance_fallback,2026-05-19 07:25:56.245063
2026-04-30,AMMN,5200.0,5275.0,5000.0,5100.0,24503300.0,yfinance_fallback,2026-05-19 07:25:56.245063
2026-05-04,AMMN,5175.0,5225.0,4940.0,4950.0,27255500.0,yfinance_fallback,2026-05-19 07:25:56.245063
2026-05-05,AMMN,4960.0,5250.0,4930.0,5175.0,14961000.0,yfinance_fallback,2026-05-19 07:25:56.245063
2026-05-06,AMMN,5200.0,5250.0,5000.0,5000.0,16412300.0,yfinance_fallback,2026-05-19 07:25:56.245063
2026-05-07,AMMN,5100.0,5175.0,4640.0,4640.0,70894300.0,yfinance_fallback,2026-05-19 07:25:56.245063
2026-05-08,AMMN,4680.0,4720.0,4190.0,4210.0,69030800.0,yfinance_fallback,2026-05-19 07:25:56.245063
2026-05-11,AMMN,4210.0,4340.0,3900.0,4130.0,53987700.0,yfinance_fallback,2026-05-19 07:25:56.245063
2026-05-12,AMMN,4150.0,4230.0,3970.0,4070.0,32498200.0,yfinance_fallback,2026-05-19 07:25:56.245063
2026-05-13,AMMN,3670.0,3750.0,3570.0,3700.0,110114000.0,yfinance_fallback,2026-05-19 07:25:56.245063
2026-05-14,AMMN,3700.0,3700.0,3700.0,3700.0,0.0,yfinance_fallback,2026-05-19 07:25:56.245063
2026-05-15,AMMN,3700.0,3700.0,3700.0,3700.0,0.0,yfinance_fallback,2026-05-19 07:25:56.245063
2026-05-18,AMMN,3580.0,3590.0,3150.0,3450.0,225922600.0,yfinance_fallback,2026-05-19 07:25:56.245063
2026-05-19,AMMN,3330.0,3380.0,3010.0,3050.0,106698000.0,yfinance_fallback,2026-05-19 07:25:56.245063
2026-05-20,AMMN,3100.0,3250.0,2870.0,2970.0,135736700.0,yfinance_fallback,2026-05-20 12:29:10.278102
2026-05-21,AMMN,3080.0,3120.0,2750.0,3040.0,154941700.0,yfinance_fallback,2026-05-21 12:48:51.407380
2026-04-20,ANTM,4060.0,4150.0,4000.0,4010.0,57759300.0,yfinance_fallback,2026-05-19 07:25:56.245063
2026-04-21,ANTM,4010.0,4090.0,3980.0,4030.0,48530300.0,yfinance_fallback,2026-05-19 07:25:56.245063
2026-04-22,ANTM,4030.0,4150.0,4030.0,4100.0,81890600.0,yfinance_fallback,2026-05-19 07:25:56.245063
2026-04-23,ANTM,4150.0,4160.0,4000.0,4020.0,65595800.0,yfinance_fallback,2026-05-19 07:25:56.245063
2026-04-24,ANTM,3990.0,4080.0,3960.0,4050.0,79334000.0,yfinance_fallback,2026-05-19 07:25:56.245063
2026-04-27,ANTM,4100.0,4180.0,4060.0,4120.0,97987200.0,yfinance_fallback,2026-05-19 07:25:56.245063
2026-04-28,ANTM,4120.0,4290.0,3940.0,4040.0,171366200.0,yfinance_fallback,2026-05-19 07:25:56.245063
2026-04-29,ANTM,4000.0,4000.0,3880.0,3880.0,93317900.0,yfinance_fallback,2026-05-19 07:25:56.245063
2026-04-30,ANTM,3900.0,3910.0,3600.0,3740.0,212842500.0,yfinance_fallback,2026-05-19 07:25:56.245063
2026-05-04,ANTM,3750.0,3850.0,3740.0,3800.0,81668400.0,yfinance_fallback,2026-05-19 07:25:56.245063
2026-05-05,ANTM,3760.0,3760.0,3640.0,3690.0,111553900.0,yfinance_fallback,2026-05-19 07:25:56.245063
2026-05-06,ANTM,3720.0,3800.0,3720.0,3800.0,97302500.0,yfinance_fallback,2026-05-19 07:25:56.245063
2026-05-07,ANTM,3900.0,3950.0,3810.0,3880.0,147286400.0,yfinance_fallback,2026-05-19 07:25:56.245063
2026-05-08,ANTM,3830.0,3840.0,3630.0,3630.0,147682400.0,yfinance_fallback,2026-05-19 07:25:56.245063
2026-05-11,ANTM,3630.0,3810.0,3530.0,3700.0,182583700.0,yfinance_fallback,2026-05-19 07:25:56.245063
2026-05-12,ANTM,3700.0,3750.0,3510.0,3570.0,129829300.0,yfinance_fallback,2026-05-19 07:25:56.245063
2026-05-13,ANTM,3420.0,3610.0,3360.0,3500.0,183268100.0,yfinance_fallback,2026-05-19 07:25:56.245063
2026-05-14,ANTM,3500.0,3500.0,3500.0,3500.0,0.0,yfinance_fallback,2026-05-19 07:25:56.245063
2026-05-15,ANTM,3500.0,3500.0,3500.0,3500.0,0.0,yfinance_fallback,2026-05-19 07:25:56.245063
2026-05-18,ANTM,3230.0,3310.0,3040.0,3160.0,304786400.0,yfinance_fallback,2026-05-19 07:25:56.245063
2026-05-19,ANTM,3230.0,3230.0,2920.0,3000.0,256436000.0,yfinance_fallback,2026-05-19 07:25:56.245063
2026-05-20,ANTM,3000.0,3200.0,2940.0,3100.0,249846500.0,yfinance_fallback,2026-05-20 12:29:10.278102
2026-05-21,ANTM,3160.0,3170.0,2950.0,2970.0,161809600.0,yfinance_fallback,2026-05-21 12:48:51.407380
2026-04-20,ARTO,1420.0,1420.0,1365.0,1370.0,4568100.0,yfinance_fallback,2026-05-19 07:25:56.245063
2026-04-21,ARTO,1350.0,1395.0,1350.0,1375.0,1942300.0,yfinance_fallback,2026-05-19 07:25:56.245063
2026-04-22,ARTO,1380.0,1405.0,1375.0,1390.0,3084500.0,yfinance_fallback,2026-05-19 07:25:56.245063
2026-04-23,ARTO,1395.0,1420.0,1355.0,1355.0,3729300.0,yfinance_fallback,2026-05-19 07:25:56.245063
2026-04-24,ARTO,1360.0,1365.0,1280.0,1300.0,4455300.0,yfinance_fallback,2026-05-19 07:25:56.245063
2026-04-27,ARTO,1310.0,1315.0,1285.0,1290.0,2130500.0,yfinance_fallback,2026-05-19 07:25:56.245063
2026-04-28,ARTO,1295.0,1325.0,1285.0,1320.0,6155900.0,yfinance_fallback,2026-05-19 07:25:56.245063
2026-04-29,ARTO,1325.0,1465.0,1315.0,1425.0,29494700.0,yfinance_fallback,2026-05-19 07:25:56.245063
2026-04-30,ARTO,1425.0,1430.0,1290.0,1305.0,13882700.0,yfinance_fallback,2026-05-19 07:25:56.245063
2026-05-04,ARTO,1310.0,1310.0,1225.0,1250.0,9927700.0,yfinance_fallback,2026-05-19 07:25:56.245063
2026-05-05,ARTO,1255.0,1275.0,1235.0,1245.0,4238700.0,yfinance_fallback,2026-05-19 07:25:56.245063
2026-05-06,ARTO,1250.0,1265.0,1230.0,1235.0,4537600.0,yfinance_fallback,2026-05-19 07:25:56.245063
2026-05-07,ARTO,1240.0,1280.0,1235.0,1270.0,7057900.0,yfinance_fallback,2026-05-19 07:25:56.245063
2026-05-08,ARTO,1285.0,1290.0,1235.0,1245.0,5428900.0,yfinance_fallback,2026-05-19 07:25:56.245063
2026-05-11,ARTO,1245.0,1250.0,1215.0,1215.0,3901600.0,yfinance_fallback,2026-05-19 07:25:56.245063
2026-05-12,ARTO,1220.0,1240.0,1205.0,1220.0,2902500.0,yfinance_fallback,2026-05-19 07:25:56.245063
2026-05-13,ARTO,1215.0,1220.0,1205.0,1210.0,2034600.0,yfinance_fallback,2026-05-19 07:25:56.245063
2026-05-14,ARTO,1210.0,1210.0,1210.0,1210.0,0.0,yfinance_fallback,2026-05-19 07:25:56.245063
2026-05-15,ARTO,1210.0,1210.0,1210.0,1210.0,0.0,yfinance_fallback,2026-05-19 07:25:56.245063
2026-05-18,ARTO,1200.0,1205.0,1130.0,1170.0,3428600.0,yfinance_fallback,2026-05-19 07:25:56.245063
2026-05-19,ARTO,1170.0,1215.0,1140.0,1140.0,3133900.0,yfinance_fallback,2026-05-19 07:25:56.245063
2026-05-20,ARTO,1130.0,1145.0,1080.0,1145.0,4536200.0,yfinance_fallback,2026-05-20 12:29:10.278102
2026-05-21,ARTO,1145.0,1180.0,1100.0,1115.0,4528000.0,yfinance_fallback,2026-05-21 12:48:51.407380
2026-04-20,ASII,6375.0,6450.0,6275.0,6350.0,18307400.0,yfinance_fallback,2026-05-19 07:25:56.245063
2026-04-21,ASII,6450.0,6450.0,6300.0,6325.0,25696400.0,yfinance_fallback,2026-05-19 07:25:56.245063
2026-04-22,ASII,6425.0,6625.0,6375.0,6600.0,42250100.0,yfinance_fallback,2026-05-19 07:25:56.245063
2026-04-23,ASII,6600.0,6625.0,6325.0,6325.0,31725300.0,yfinance_fallback,2026-05-19 07:25:56.245063
2026-04-24,ASII,6400.0,6475.0,6275.0,6325.0,27751700.0,yfinance_fallback,2026-05-19 07:25:56.245063
2026-04-27,ASII,6375.0,6375.0,6125.0,6125.0,19496400.0,yfinance_fallback,2026-05-19 07:25:56.245063
2026-04-28,ASII,6150.0,6200.0,6025.0,6025.0,36965000.0,yfinance_fallback,2026-05-19 07:25:56.245063
2026-04-29,ASII,6125.0,6250.0,6025.0,6050.0,26325800.0,yfinance_fallback,2026-05-19 07:25:56.245063
2026-04-30,ASII,6075.0,6075.0,5975.0,5975.0,47690300.0,yfinance_fallback,2026-05-19 07:25:56.245063
2026-05-04,ASII,6050.0,6125.0,6025.0,6075.0,33999000.0,yfinance_fallback,2026-05-19 07:25:56.245063
2026-05-05,ASII,5825.0,5950.0,5725.0,5875.0,38038400.0,yfinance_fallback,2026-05-19 07:25:56.245063
2026-05-06,ASII,5950.0,5975.0,5750.0,5750.0,27273500.0,yfinance_fallback,2026-05-19 07:25:56.245063
2026-05-07,ASII,5800.0,5900.0,5775.0,5850.0,37017100.0,yfinance_fallback,2026-05-19 07:25:56.245063
2026-05-08,ASII,5875.0,6000.0,5800.0,5825.0,36425000.0,yfinance_fallback,2026-05-19 07:25:56.245063
2026-05-11,ASII,5925.0,6050.0,5825.0,6050.0,26376000.0,yfinance_fallback,2026-05-19 07:25:56.245063
2026-05-12,ASII,6050.0,6100.0,5850.0,5850.0,25658100.0,yfinance_fallback,2026-05-19 07:25:56.245063
2026-05-13,ASII,5850.0,5900.0,5750.0,5750.0,32026500.0,yfinance_fallback,2026-05-19 07:25:56.245063
2026-05-14,ASII,5750.0,5750.0,5750.0,5750.0,0.0,yfinance_fallback,2026-05-19 07:25:56.245063
2026-05-15,ASII,5750.0,5750.0,5750.0,5750.0,0.0,yfinance_fallback,2026-05-19 07:25:56.245063
2026-05-18,ASII,5825.0,6000.0,5775.0,6000.0,54305300.0,yfinance_fallback,2026-05-19 07:25:56.245063
2026-05-19,ASII,6000.0,6050.0,5925.0,6025.0,20009100.0,yfinance_fallback,2026-05-19 07:25:56.245063
2026-05-20,ASII,5950.0,6100.0,5900.0,5975.0,37175000.0,yfinance_fallback,2026-05-20 12:29:10.278102
2026-05-21,ASII,6000.0,6025.0,5600.0,5600.0,57790800.0,yfinance_fallback,2026-05-21 12:48:51.407380
2026-04-20,BBCA,6450.0,6575.0,6425.0,6475.0,137435700.0,yfinance_fallback,2026-05-19 07:25:56.245063
2026-04-21,BBCA,6475.0,6525.0,6425.0,6500.0,112151900.0,yfinance_fallback,2026-05-19 07:25:56.245063
2026-04-22,BBCA,6475.0,6525.0,6450.0,6450.0,95673700.0,yfinance_fallback,2026-05-19 07:25:56.245063
2026-04-23,BBCA,6450.0,6550.0,6425.0,6425.0,95913400.0,yfinance_fallback,2026-05-19 07:25:56.245063
2026-04-24,BBCA,6400.0,6425.0,6050.0,6050.0,435004800.0,yfinance_fallback,2026-05-19 07:25:56.245063
2026-04-27,BBCA,6025.0,6050.0,5950.0,5975.0,273263100.0,yfinance_fallback,2026-05-19 07:25:56.245063
2026-04-28,BBCA,6025.0,6075.0,5950.0,6000.0,174091200.0,yfinance_fallback,2026-05-19 07:25:56.245063
2026-04-29,BBCA,6000.0,6050.0,5950.0,5975.0,176050900.0,yfinance_fallback,2026-05-19 07:25:56.245063
2026-04-30,BBCA,5950.0,5975.0,5800.0,5850.0,303405400.0,yfinance_fallback,2026-05-19 07:25:56.245063
2026-05-04,BBCA,5800.0,5950.0,5800.0,5900.0,207566700.0,yfinance_fallback,2026-05-19 07:25:56.245063
2026-05-05,BBCA,5900.0,6075.0,5875.0,5950.0,179928300.0,yfinance_fallback,2026-05-19 07:25:56.245063
2026-05-06,BBCA,5950.0,6000.0,5900.0,5950.0,90843100.0,yfinance_fallback,2026-05-19 07:25:56.245063
2026-05-07,BBCA,6000.0,6325.0,6000.0,6225.0,238690900.0,yfinance_fallback,2026-05-19 07:25:56.245063
2026-05-08,BBCA,6225.0,6425.0,6175.0,6175.0,201784700.0,yfinance_fallback,2026-05-19 07:25:56.245063
2026-05-11,BBCA,6225.0,6275.0,6100.0,6150.0,126301300.0,yfinance_fallback,2026-05-19 07:25:56.245063
2026-05-12,BBCA,6125.0,6150.0,6050.0,6125.0,107394400.0,yfinance_fallback,2026-05-19 07:25:56.245063
2026-05-13,BBCA,6125.0,6200.0,6025.0,6100.0,147339600.0,yfinance_fallback,2026-05-19 07:25:56.245063
2026-05-14,BBCA,6100.0,6100.0,6100.0,6100.0,0.0,yfinance_fallback,2026-05-19 07:25:56.245063
2026-05-15,BBCA,6100.0,6100.0,6100.0,6100.0,0.0,yfinance_fallback,2026-05-19 07:25:56.245063
2026-05-18,BBCA,5950.0,6125.0,5900.0,6125.0,208748400.0,yfinance_fallback,2026-05-19 07:25:56.245063
2026-05-19,BBCA,6050.0,6200.0,5975.0,6025.0,98294300.0,yfinance_fallback,2026-05-19 07:25:56.245063
2026-05-20,BBCA,5975.0,6100.0,5875.0,5975.0,195107100.0,yfinance_fallback,2026-05-20 12:29:10.278102
2026-05-21,BBCA,6000.0,6150.0,5925.0,5950.0,210976100.0,yfinance_fallback,2026-05-21 12:48:51.407380
2026-04-20,BBNI,3710.0,3730.0,3660.0,3670.0,36946800.0,yfinance_fallback,2026-05-19 07:25:56.245063
2026-04-21,BBNI,3670.0,3730.0,3660.0,3730.0,30514900.0,yfinance_fallback,2026-05-19 07:25:56.245063
2026-04-22,BBNI,3750.0,3840.0,3740.0,3830.0,58900700.0,yfinance_fallback,2026-05-19 07:25:56.245063
2026-04-23,BBNI,3850.0,3890.0,3820.0,3870.0,56532500.0,yfinance_fallback,2026-05-19 07:25:56.245063
2026-04-24,BBNI,3850.0,3860.0,3720.0,3770.0,53993700.0,yfinance_fallback,2026-05-19 07:25:56.245063
2026-04-27,BBNI,3790.0,3800.0,3720.0,3720.0,27549200.0,yfinance_fallback,2026-05-19 07:25:56.245063
2026-04-28,BBNI,3750.0,3790.0,3680.0,3790.0,31602700.0,yfinance_fallback,2026-05-19 07:25:56.245063
2026-04-29,BBNI,3810.0,3840.0,3770.0,3800.0,27956600.0,yfinance_fallback,2026-05-19 07:25:56.245063
2026-04-30,BBNI,3790.0,3800.0,3720.0,3720.0,57549500.0,yfinance_fallback,2026-05-19 07:25:56.245063
2026-05-04,BBNI,3780.0,3860.0,3760.0,3840.0,39293500.0,yfinance_fallback,2026-05-19 07:25:56.245063
2026-05-05,BBNI,3840.0,3970.0,3810.0,3920.0,52767900.0,yfinance_fallback,2026-05-19 07:25:56.245063
2026-05-06,BBNI,3920.0,3930.0,3800.0,3830.0,41949100.0,yfinance_fallback,2026-05-19 07:25:56.245063
2026-05-07,BBNI,3880.0,3990.0,3860.0,3980.0,56083300.0,yfinance_fallback,2026-05-19 07:25:56.245063
2026-05-08,BBNI,3980.0,3990.0,3860.0,3860.0,58943300.0,yfinance_fallback,2026-05-19 07:25:56.245063
2026-05-11,BBNI,3890.0,3890.0,3800.0,3820.0,31597700.0,yfinance_fallback,2026-05-19 07:25:56.245063
2026-05-12,BBNI,3820.0,3910.0,3770.0,3910.0,44682300.0,yfinance_fallback,2026-05-19 07:25:56.245063
2026-05-13,BBNI,3890.0,3890.0,3820.0,3870.0,24634300.0,yfinance_fallback,2026-05-19 07:25:56.245063
2026-05-14,BBNI,3870.0,3870.0,3870.0,3870.0,0.0,yfinance_fallback,2026-05-19 07:25:56.245063
2026-05-15,BBNI,3870.0,3870.0,3870.0,3870.0,0.0,yfinance_fallback,2026-05-19 07:25:56.245063
2026-05-18,BBNI,3830.0,3840.0,3730.0,3800.0,37869300.0,yfinance_fallback,2026-05-19 07:25:56.245063
2026-05-19,BBNI,3810.0,3880.0,3770.0,3800.0,24764800.0,yfinance_fallback,2026-05-19 07:25:56.245063
2026-05-20,BBNI,3830.0,3880.0,3770.0,3800.0,54487000.0,yfinance_fallback,2026-05-20 12:29:10.278102
2026-05-21,BBNI,3810.0,3860.0,3780.0,3800.0,29621700.0,yfinance_fallback,2026-05-21 12:48:51.407380
2026-04-20,BBRI,3440.0,3470.0,3420.0,3440.0,354461400.0,yfinance_fallback,2026-05-19 07:25:56.245063
2026-04-21,BBRI,3250.0,3300.0,3230.0,3270.0,398239800.0,yfinance_fallback,2026-05-19 07:25:56.245063
2026-04-22,BBRI,3260.0,3280.0,3240.0,3240.0,223077500.0,yfinance_fallback,2026-05-19 07:25:56.245063
2026-04-23,BBRI,3240.0,3270.0,3150.0,3160.0,352657300.0,yfinance_fallback,2026-05-19 07:25:56.245063
2026-04-24,BBRI,3120.0,3150.0,3060.0,3070.0,428089200.0,yfinance_fallback,2026-05-19 07:25:56.245063
2026-04-27,BBRI,3060.0,3100.0,3050.0,3050.0,216480300.0,yfinance_fallback,2026-05-19 07:25:56.245063
2026-04-28,BBRI,3050.0,3080.0,3020.0,3070.0,232596600.0,yfinance_fallback,2026-05-19 07:25:56.245063
2026-04-29,BBRI,3070.0,3110.0,3050.0,3070.0,180641600.0,yfinance_fallback,2026-05-19 07:25:56.245063
2026-04-30,BBRI,3050.0,3060.0,2980.0,2990.0,382750500.0,yfinance_fallback,2026-05-19 07:25:56.245063
2026-05-04,BBRI,3010.0,3040.0,3000.0,3040.0,190480000.0,yfinance_fallback,2026-05-19 07:25:56.245063
2026-05-05,BBRI,3050.0,3170.0,3040.0,3150.0,253157600.0,yfinance_fallback,2026-05-19 07:25:56.245063
2026-05-06,BBRI,3150.0,3190.0,3130.0,3160.0,185002500.0,yfinance_fallback,2026-05-19 07:25:56.245063
2026-05-07,BBRI,3200.0,3330.0,3190.0,3310.0,312804400.0,yfinance_fallback,2026-05-19 07:25:56.245063
2026-05-08,BBRI,3310.0,3360.0,3260.0,3260.0,335638700.0,yfinance_fallback,2026-05-19 07:25:56.245063
2026-05-11,BBRI,3260.0,3280.0,3200.0,3200.0,196431000.0,yfinance_fallback,2026-05-19 07:25:56.245063
2026-05-12,BBRI,3200.0,3240.0,3170.0,3220.0,151508100.0,yfinance_fallback,2026-05-19 07:25:56.245063
2026-05-13,BBRI,3200.0,3210.0,3120.0,3120.0,155231500.0,yfinance_fallback,2026-05-19 07:25:56.245063
2026-05-14,BBRI,3120.0,3120.0,3120.0,3120.0,0.0,yfinance_fallback,2026-05-19 07:25:56.245063
2026-05-15,BBRI,3120.0,3120.0,3120.0,3120.0,0.0,yfinance_fallback,2026-05-19 07:25:56.245063
2026-05-18,BBRI,3040.0,3100.0,3010.0,3060.0,348373200.0,yfinance_fallback,2026-05-19 07:25:56.245063
2026-05-19,BBRI,3060.0,3140.0,3040.0,3050.0,156456900.0,yfinance_fallback,2026-05-19 07:25:56.245063
2026-05-20,BBRI,3060.0,3110.0,3030.0,3040.0,273501800.0,yfinance_fallback,2026-05-20 12:29:10.278102
2026-05-21,BBRI,3050.0,3090.0,3020.0,3020.0,173346000.0,yfinance_fallback,2026-05-21 12:48:51.407380
2026-04-20,BBTN,1310.0,1325.0,1305.0,1305.0,15808300.0,yfinance_fallback,2026-05-19 07:25:56.245063
2026-04-21,BBTN,1305.0,1340.0,1300.0,1330.0,17500400.0,yfinance_fallback,2026-05-19 07:25:56.245063
2026-04-22,BBTN,1330.0,1425.0,1325.0,1415.0,69518500.0,yfinance_fallback,2026-05-19 07:25:56.245063
2026-04-23,BBTN,1420.0,1505.0,1420.0,1490.0,167582700.0,yfinance_fallback,2026-05-19 07:25:56.245063
2026-04-24,BBTN,1455.0,1455.0,1365.0,1400.0,104641600.0,yfinance_fallback,2026-05-19 07:25:56.245063
2026-04-27,BBTN,1400.0,1400.0,1350.0,1380.0,34916700.0,yfinance_fallback,2026-05-19 07:25:56.245063
2026-04-28,BBTN,1390.0,1410.0,1350.0,1395.0,24586400.0,yfinance_fallback,2026-05-19 07:25:56.245063
2026-04-29,BBTN,1395.0,1410.0,1375.0,1410.0,26168400.0,yfinance_fallback,2026-05-19 07:25:56.245063
2026-04-30,BBTN,1410.0,1410.0,1340.0,1355.0,20281100.0,yfinance_fallback,2026-05-19 07:25:56.245063
2026-05-04,BBTN,1345.0,1370.0,1335.0,1360.0,18032200.0,yfinance_fallback,2026-05-19 07:25:56.245063
2026-05-05,BBTN,1360.0,1380.0,1350.0,1365.0,28836400.0,yfinance_fallback,2026-05-19 07:25:56.245063
2026-05-06,BBTN,1365.0,1375.0,1350.0,1355.0,10532400.0,yfinance_fallback,2026-05-19 07:25:56.245063
2026-05-07,BBTN,1370.0,1420.0,1365.0,1420.0,32991500.0,yfinance_fallback,2026-05-19 07:25:56.245063
2026-05-08,BBTN,1415.0,1415.0,1365.0,1370.0,19322200.0,yfinance_fallback,2026-05-19 07:25:56.245063
2026-05-11,BBTN,1370.0,1370.0,1330.0,1360.0,13815000.0,yfinance_fallback,2026-05-19 07:25:56.245063
2026-05-12,BBTN,1360.0,1390.0,1335.0,1380.0,12397600.0,yfinance_fallback,2026-05-19 07:25:56.245063
2026-05-13,BBTN,1355.0,1360.0,1340.0,1340.0,11114000.0,yfinance_fallback,2026-05-19 07:25:56.245063
2026-05-14,BBTN,1340.0,1340.0,1340.0,1340.0,0.0,yfinance_fallback,2026-05-19 07:25:56.245063
2026-05-15,BBTN,1340.0,1340.0,1340.0,1340.0,0.0,yfinance_fallback,2026-05-19 07:25:56.245063
2026-05-18,BBTN,1310.0,1315.0,1245.0,1270.0,33416800.0,yfinance_fallback,2026-05-19 07:25:56.245063
2026-05-19,BBTN,1265.0,1305.0,1260.0,1285.0,15297700.0,yfinance_fallback,2026-05-19 07:25:56.245063
2026-05-20,BBTN,1285.0,1300.0,1245.0,1300.0,12808900.0,yfinance_fallback,2026-05-20 12:29:10.278102
2026-05-21,BBTN,1300.0,1320.0,1260.0,1275.0,12556900.0,yfinance_fallback,2026-05-21 12:48:51.407380
2026-04-20,BMRI,4640.0,4670.0,4590.0,4620.0,104938900.0,yfinance_fallback,2026-05-19 07:25:56.245063
2026-04-21,BMRI,4610.0,4700.0,4610.0,4700.0,120070400.0,yfinance_fallback,2026-05-19 07:25:56.245063
2026-04-22,BMRI,4700.0,4770.0,4700.0,4750.0,113814200.0,yfinance_fallback,2026-05-19 07:25:56.245063
2026-04-23,BMRI,4760.0,4770.0,4630.0,4630.0,133792200.0,yfinance_fallback,2026-05-19 07:25:56.245063
2026-04-24,BMRI,4630.0,4630.0,4490.0,4500.0,218703100.0,yfinance_fallback,2026-05-19 07:25:56.245063
2026-04-27,BMRI,4500.0,4510.0,4360.0,4400.0,257209000.0,yfinance_fallback,2026-05-19 07:25:56.245063
2026-04-28,BMRI,4420.0,4480.0,4350.0,4430.0,246361500.0,yfinance_fallback,2026-05-19 07:25:56.245063
2026-04-29,BMRI,4440.0,4530.0,4430.0,4430.0,201458600.0,yfinance_fallback,2026-05-19 07:25:56.245063
2026-04-30,BMRI,4430.0,4450.0,4370.0,4390.0,186960200.0,yfinance_fallback,2026-05-19 07:25:56.245063
2026-05-04,BMRI,4430.0,4470.0,4410.0,4420.0,166294600.0,yfinance_fallback,2026-05-19 07:25:56.245063
2026-05-05,BMRI,4420.0,4570.0,4410.0,4490.0,186702000.0,yfinance_fallback,2026-05-19 07:25:56.245063
2026-05-06,BMRI,4530.0,4550.0,4480.0,4510.0,156255400.0,yfinance_fallback,2026-05-19 07:25:56.245063
2026-05-07,BMRI,4570.0,4640.0,4550.0,4640.0,262269600.0,yfinance_fallback,2026-05-19 07:25:56.245063
2026-05-08,BMRI,4650.0,4710.0,4620.0,4630.0,369212800.0,yfinance_fallback,2026-05-19 07:25:56.245063
2026-05-11,BMRI,4310.0,4340.0,4250.0,4250.0,424518900.0,yfinance_fallback,2026-05-19 07:25:56.245063
2026-05-12,BMRI,4270.0,4270.0,4190.0,4240.0,221247900.0,yfinance_fallback,2026-05-19 07:25:56.245063
2026-05-13,BMRI,4230.0,4250.0,4190.0,4200.0,192288300.0,yfinance_fallback,2026-05-19 07:25:56.245063
2026-05-14,BMRI,4200.0,4200.0,4200.0,4200.0,0.0,yfinance_fallback,2026-05-19 07:25:56.245063
2026-05-15,BMRI,4200.0,4200.0,4200.0,4200.0,0.0,yfinance_fallback,2026-05-19 07:25:56.245063
2026-05-18,BMRI,4170.0,4170.0,4080.0,4130.0,316067300.0,yfinance_fallback,2026-05-19 07:25:56.245063
2026-05-19,BMRI,4130.0,4260.0,4100.0,4160.0,193547800.0,yfinance_fallback,2026-05-19 07:25:56.245063
2026-05-20,BMRI,4150.0,4290.0,4110.0,4230.0,308468000.0,yfinance_fallback,2026-05-20 12:29:10.278102
2026-05-21,BMRI,4280.0,4280.0,4130.0,4170.0,137461700.0,yfinance_fallback,2026-05-21 12:48:51.407380
2026-04-20,BRIS,2080.0,2100.0,2030.0,2040.0,16508800.0,yfinance_fallback,2026-05-19 07:25:56.245063
2026-04-21,BRIS,2040.0,2050.0,1995.0,2000.0,21537000.0,yfinance_fallback,2026-05-19 07:25:56.245063
2026-04-22,BRIS,2000.0,2020.0,1990.0,1995.0,18096700.0,yfinance_fallback,2026-05-19 07:25:56.245063
2026-04-23,BRIS,2000.0,2010.0,1950.0,1955.0,14465600.0,yfinance_fallback,2026-05-19 07:25:56.245063
2026-04-24,BRIS,1955.0,1955.0,1870.0,1880.0,16817700.0,yfinance_fallback,2026-05-19 07:25:56.245063
2026-04-27,BRIS,1880.0,1910.0,1825.0,1840.0,22266300.0,yfinance_fallback,2026-05-19 07:25:56.245063
2026-04-28,BRIS,1840.0,1845.0,1765.0,1800.0,34719000.0,yfinance_fallback,2026-05-19 07:25:56.245063
2026-04-29,BRIS,1800.0,1820.0,1785.0,1790.0,12039600.0,yfinance_fallback,2026-05-19 07:25:56.245063
2026-04-30,BRIS,1790.0,1795.0,1735.0,1775.0,27167000.0,yfinance_fallback,2026-05-19 07:25:56.245063
2026-05-04,BRIS,1780.0,1845.0,1780.0,1790.0,19116200.0,yfinance_fallback,2026-05-19 07:25:56.245063
2026-05-05,BRIS,1785.0,1860.0,1770.0,1820.0,22254000.0,yfinance_fallback,2026-05-19 07:25:56.245063
2026-05-06,BRIS,1830.0,1850.0,1800.0,1815.0,16344000.0,yfinance_fallback,2026-05-19 07:25:56.245063
2026-05-07,BRIS,1830.0,2000.0,1830.0,1990.0,53662600.0,yfinance_fallback,2026-05-19 07:25:56.245063
2026-05-08,BRIS,1990.0,1995.0,1900.0,1910.0,43137700.0,yfinance_fallback,2026-05-19 07:25:56.245063
2026-05-11,BRIS,1910.0,1925.0,1830.0,1835.0,25112900.0,yfinance_fallback,2026-05-19 07:25:56.245063
2026-05-12,BRIS,1825.0,1900.0,1810.0,1855.0,27084200.0,yfinance_fallback,2026-05-19 07:25:56.245063
2026-05-13,BRIS,1865.0,1890.0,1815.0,1830.0,27422200.0,yfinance_fallback,2026-05-19 07:25:56.245063
2026-05-14,BRIS,1830.0,1830.0,1830.0,1830.0,0.0,yfinance_fallback,2026-05-19 07:25:56.245063
2026-05-15,BRIS,1830.0,1830.0,1830.0,1830.0,0.0,yfinance_fallback,2026-05-19 07:25:56.245063
2026-05-18,BRIS,1795.0,1795.0,1700.0,1700.0,32378800.0,yfinance_fallback,2026-05-19 07:25:56.245063
2026-05-19,BRIS,1720.0,1825.0,1720.0,1785.0,30740500.0,yfinance_fallback,2026-05-19 07:25:56.245063
2026-05-20,BRIS,1790.0,1830.0,1750.0,1790.0,15875600.0,yfinance_fallback,2026-05-20 12:29:10.278102
2026-05-21,BRIS,1800.0,1825.0,1775.0,1800.0,10632000.0,yfinance_fallback,2026-05-21 12:48:51.407380
2026-04-20,BRPT,2270.0,2290.0,2090.0,2140.0,228624300.0,yfinance_fallback,2026-05-19 07:25:56.245063
2026-04-21,BRPT,2150.0,2380.0,2120.0,2300.0,381076600.0,yfinance_fallback,2026-05-19 07:25:56.245063
2026-04-22,BRPT,2270.0,2340.0,2230.0,2260.0,143723300.0,yfinance_fallback,2026-05-19 07:25:56.245063
2026-04-23,BRPT,2280.0,2300.0,2140.0,2190.0,127649500.0,yfinance_fallback,2026-05-19 07:25:56.245063
2026-04-24,BRPT,2170.0,2220.0,2020.0,2020.0,135290900.0,yfinance_fallback,2026-05-19 07:25:56.245063
2026-04-27,BRPT,2050.0,2160.0,1985.0,2000.0,171825500.0,yfinance_fallback,2026-05-19 07:25:56.245063
2026-04-28,BRPT,2030.0,2120.0,1980.0,2010.0,152232900.0,yfinance_fallback,2026-05-19 07:25:56.245063
2026-04-29,BRPT,2010.0,2030.0,1910.0,1950.0,169541000.0,yfinance_fallback,2026-05-19 07:25:56.245063
2026-04-30,BRPT,1940.0,1960.0,1825.0,1835.0,189181000.0,yfinance_fallback,2026-05-19 07:25:56.245063
2026-05-04,BRPT,1890.0,2040.0,1830.0,1845.0,386651800.0,yfinance_fallback,2026-05-19 07:25:56.245063
2026-05-05,BRPT,1880.0,2300.0,1840.0,2300.0,617314400.0,yfinance_fallback,2026-05-19 07:25:56.245063
2026-05-06,BRPT,2380.0,2430.0,2240.0,2290.0,574559700.0,yfinance_fallback,2026-05-19 07:25:56.245063
2026-05-07,BRPT,2350.0,2450.0,2130.0,2160.0,618219900.0,yfinance_fallback,2026-05-19 07:25:56.245063
2026-05-08,BRPT,2120.0,2220.0,2010.0,2050.0,269783200.0,yfinance_fallback,2026-05-19 07:25:56.245063
2026-05-11,BRPT,2050.0,2150.0,1950.0,1985.0,340019500.0,yfinance_fallback,2026-05-19 07:25:56.245063
2026-05-12,BRPT,1995.0,2330.0,1920.0,2280.0,678949000.0,yfinance_fallback,2026-05-19 07:25:56.245063
2026-05-13,BRPT,2240.0,2330.0,2060.0,2080.0,459900200.0,yfinance_fallback,2026-05-19 07:25:56.245063
2026-05-14,BRPT,2080.0,2080.0,2080.0,2080.0,0.0,yfinance_fallback,2026-05-19 07:25:56.245063
2026-05-15,BRPT,2080.0,2080.0,2080.0,2080.0,0.0,yfinance_fallback,2026-05-19 07:25:56.245063
2026-05-18,BRPT,2050.0,2110.0,1960.0,2070.0,313014900.0,yfinance_fallback,2026-05-19 07:25:56.245063
2026-05-19,BRPT,2090.0,2150.0,1850.0,1950.0,257903700.0,yfinance_fallback,2026-05-19 07:25:56.245063
2026-05-20,BRPT,1880.0,1950.0,1655.0,1720.0,465468000.0,yfinance_fallback,2026-05-20 12:29:10.278102
2026-05-21,BRPT,1755.0,1770.0,1465.0,1530.0,566464000.0,yfinance_fallback,2026-05-21 12:48:51.407380
2026-04-20,CPIN,4530.0,4540.0,4460.0,4480.0,4926900.0,yfinance_fallback,2026-05-19 07:25:56.245063
2026-04-21,CPIN,4480.0,4500.0,4420.0,4500.0,5571300.0,yfinance_fallback,2026-05-19 07:25:56.245063
2026-04-22,CPIN,4500.0,4500.0,4390.0,4390.0,6112300.0,yfinance_fallback,2026-05-19 07:25:56.245063
2026-04-23,CPIN,4390.0,4400.0,4280.0,4290.0,5089500.0,yfinance_fallback,2026-05-19 07:25:56.245063
2026-04-24,CPIN,4290.0,4310.0,4110.0,4140.0,5062700.0,yfinance_fallback,2026-05-19 07:25:56.245063
2026-04-27,CPIN,4140.0,4150.0,4030.0,4070.0,3047700.0,yfinance_fallback,2026-05-19 07:25:56.245063
2026-04-28,CPIN,4070.0,4090.0,4000.0,4090.0,2414500.0,yfinance_fallback,2026-05-19 07:25:56.245063
2026-04-29,CPIN,4120.0,4170.0,4090.0,4110.0,2879300.0,yfinance_fallback,2026-05-19 07:25:56.245063
2026-04-30,CPIN,4150.0,4150.0,3970.0,4010.0,9736000.0,yfinance_fallback,2026-05-19 07:25:56.245063
2026-05-04,CPIN,4090.0,4190.0,4070.0,4090.0,4596300.0,yfinance_fallback,2026-05-19 07:25:56.245063
2026-05-05,CPIN,4120.0,4140.0,4070.0,4090.0,1394500.0,yfinance_fallback,2026-05-19 07:25:56.245063
2026-05-06,CPIN,4110.0,4130.0,4010.0,4040.0,6617500.0,yfinance_fallback,2026-05-19 07:25:56.245063
2026-05-07,CPIN,4080.0,4220.0,4050.0,4220.0,6005000.0,yfinance_fallback,2026-05-19 07:25:56.245063
2026-05-08,CPIN,4210.0,4210.0,4050.0,4050.0,4768900.0,yfinance_fallback,2026-05-19 07:25:56.245063
2026-05-11,CPIN,4050.0,4120.0,4010.0,4030.0,5005100.0,yfinance_fallback,2026-05-19 07:25:56.245063
2026-05-12,CPIN,4030.0,4080.0,3960.0,3980.0,7523700.0,yfinance_fallback,2026-05-19 07:25:56.245063
2026-05-13,CPIN,4000.0,4220.0,4000.0,4160.0,7538600.0,yfinance_fallback,2026-05-19 07:25:56.245063
2026-05-14,CPIN,4160.0,4160.0,4160.0,4160.0,0.0,yfinance_fallback,2026-05-19 07:25:56.245063
2026-05-15,CPIN,4160.0,4160.0,4160.0,4160.0,0.0,yfinance_fallback,2026-05-19 07:25:56.245063
2026-05-18,CPIN,4320.0,4320.0,4110.0,4200.0,7729800.0,yfinance_fallback,2026-05-19 07:25:56.245063
2026-05-19,CPIN,4200.0,4200.0,4070.0,4120.0,3098300.0,yfinance_fallback,2026-05-19 07:25:56.245063
2026-05-20,CPIN,4050.0,4170.0,4010.0,4170.0,5053900.0,yfinance_fallback,2026-05-20 12:29:10.278102
2026-05-21,CPIN,4170.0,4270.0,4150.0,4270.0,7687600.0,yfinance_fallback,2026-05-21 12:48:51.407380
2026-04-20,EMTK,950.0,955.0,915.0,915.0,29920400.0,yfinance_fallback,2026-05-19 07:25:56.245063
2026-04-21,EMTK,915.0,925.0,905.0,905.0,24857700.0,yfinance_fallback,2026-05-19 07:25:56.245063
2026-04-22,EMTK,910.0,930.0,905.0,905.0,12755500.0,yfinance_fallback,2026-05-19 07:25:56.245063
2026-04-23,EMTK,910.0,915.0,865.0,870.0,25806700.0,yfinance_fallback,2026-05-19 07:25:56.245063
2026-04-24,EMTK,870.0,890.0,830.0,850.0,27961400.0,yfinance_fallback,2026-05-19 07:25:56.245063
2026-04-27,EMTK,850.0,880.0,830.0,830.0,27833500.0,yfinance_fallback,2026-05-19 07:25:56.245063
2026-04-28,EMTK,830.0,850.0,795.0,825.0,55908100.0,yfinance_fallback,2026-05-19 07:25:56.245063
2026-04-29,EMTK,825.0,835.0,815.0,815.0,10704900.0,yfinance_fallback,2026-05-19 07:25:56.245063
2026-04-30,EMTK,815.0,825.0,800.0,825.0,35379300.0,yfinance_fallback,2026-05-19 07:25:56.245063
2026-05-04,EMTK,820.0,845.0,815.0,815.0,30933000.0,yfinance_fallback,2026-05-19 07:25:56.245063
2026-05-05,EMTK,815.0,820.0,800.0,815.0,20998900.0,yfinance_fallback,2026-05-19 07:25:56.245063
2026-05-06,EMTK,820.0,830.0,805.0,805.0,21362600.0,yfinance_fallback,2026-05-19 07:25:56.245063
2026-05-07,EMTK,815.0,825.0,790.0,815.0,36043300.0,yfinance_fallback,2026-05-19 07:25:56.245063
2026-05-08,EMTK,805.0,805.0,760.0,760.0,46034200.0,yfinance_fallback,2026-05-19 07:25:56.245063
2026-05-11,EMTK,760.0,760.0,725.0,735.0,30463500.0,yfinance_fallback,2026-05-19 07:25:56.245063
2026-05-12,EMTK,735.0,750.0,710.0,750.0,18270600.0,yfinance_fallback,2026-05-19 07:25:56.245063
2026-05-13,EMTK,730.0,750.0,725.0,730.0,21387100.0,yfinance_fallback,2026-05-19 07:25:56.245063
2026-05-14,EMTK,730.0,730.0,730.0,730.0,0.0,yfinance_fallback,2026-05-19 07:25:56.245063
2026-05-15,EMTK,730.0,730.0,730.0,730.0,0.0,yfinance_fallback,2026-05-19 07:25:56.245063
2026-05-18,EMTK,725.0,725.0,680.0,700.0,31182300.0,yfinance_fallback,2026-05-19 07:25:56.245063
2026-05-19,EMTK,700.0,760.0,695.0,705.0,34103300.0,yfinance_fallback,2026-05-19 07:25:56.245063
2026-05-20,EMTK,705.0,725.0,685.0,695.0,30187100.0,yfinance_fallback,2026-05-20 12:29:10.278102
2026-05-21,EMTK,705.0,715.0,650.0,670.0,37299500.0,yfinance_fallback,2026-05-21 12:48:51.407380
2026-04-20,ESSA,805.0,810.0,755.0,770.0,106488200.0,yfinance_fallback,2026-05-19 07:25:56.245063
2026-04-21,ESSA,775.0,895.0,770.0,840.0,460447600.0,yfinance_fallback,2026-05-19 07:25:56.245063
2026-04-22,ESSA,840.0,885.0,835.0,860.0,204440800.0,yfinance_fallback,2026-05-19 07:25:56.245063
2026-04-23,ESSA,860.0,955.0,860.0,925.0,387845000.0,yfinance_fallback,2026-05-19 07:25:56.245063
2026-04-24,ESSA,940.0,985.0,895.0,945.0,425686100.0,yfinance_fallback,2026-05-19 07:25:56.245063
2026-04-27,ESSA,985.0,995.0,920.0,960.0,201391400.0,yfinance_fallback,2026-05-19 07:25:56.245063
2026-04-28,ESSA,960.0,975.0,930.0,960.0,88497000.0,yfinance_fallback,2026-05-19 07:25:56.245063
2026-04-29,ESSA,960.0,995.0,945.0,955.0,94899900.0,yfinance_fallback,2026-05-19 07:25:56.245063
2026-04-30,ESSA,955.0,960.0,850.0,870.0,297584900.0,yfinance_fallback,2026-05-19 07:25:56.245063
2026-05-04,ESSA,870.0,910.0,855.0,880.0,120608500.0,yfinance_fallback,2026-05-19 07:25:56.245063
2026-05-05,ESSA,885.0,895.0,845.0,850.0,67772400.0,yfinance_fallback,2026-05-19 07:25:56.245063
2026-05-06,ESSA,855.0,910.0,835.0,905.0,190409100.0,yfinance_fallback,2026-05-19 07:25:56.245063
2026-05-07,ESSA,910.0,915.0,815.0,825.0,195844700.0,yfinance_fallback,2026-05-19 07:25:56.245063
2026-05-08,ESSA,805.0,855.0,805.0,835.0,173563500.0,yfinance_fallback,2026-05-19 07:25:56.245063
2026-05-11,ESSA,835.0,845.0,780.0,805.0,119718800.0,yfinance_fallback,2026-05-19 07:25:56.245063
2026-05-12,ESSA,810.0,830.0,770.0,830.0,83112400.0,yfinance_fallback,2026-05-19 07:25:56.245063
2026-05-13,ESSA,825.0,825.0,800.0,800.0,39830300.0,yfinance_fallback,2026-05-19 07:25:56.245063
2026-05-14,ESSA,800.0,800.0,800.0,800.0,0.0,yfinance_fallback,2026-05-19 07:25:56.245063
2026-05-15,ESSA,800.0,800.0,800.0,800.0,0.0,yfinance_fallback,2026-05-19 07:25:56.245063
2026-05-18,ESSA,790.0,790.0,720.0,755.0,133913500.0,yfinance_fallback,2026-05-19 07:25:56.245063
2026-05-19,ESSA,775.0,775.0,690.0,715.0,127604400.0,yfinance_fallback,2026-05-19 07:25:56.245063
2026-05-20,ESSA,715.0,755.0,685.0,730.0,109926800.0,yfinance_fallback,2026-05-20 12:29:10.278102
2026-05-21,ESSA,740.0,750.0,675.0,680.0,81089300.0,yfinance_fallback,2026-05-21 12:48:51.407380
2026-04-20,EXCL,3240.0,3250.0,3190.0,3200.0,6438600.0,yfinance_fallback,2026-05-19 07:25:56.245063
2026-04-21,EXCL,3230.0,3230.0,3120.0,3210.0,9250200.0,yfinance_fallback,2026-05-19 07:25:56.245063
2026-04-22,EXCL,3210.0,3250.0,3160.0,3170.0,6479800.0,yfinance_fallback,2026-05-19 07:25:56.245063
2026-04-23,EXCL,3170.0,3200.0,3120.0,3140.0,10719900.0,yfinance_fallback,2026-05-19 07:25:56.245063
2026-04-24,EXCL,3140.0,3140.0,3000.0,3070.0,7629600.0,yfinance_fallback,2026-05-19 07:25:56.245063
2026-04-27,EXCL,3070.0,3150.0,3070.0,3140.0,3996800.0,yfinance_fallback,2026-05-19 07:25:56.245063
2026-04-28,EXCL,3150.0,3160.0,3030.0,3030.0,3360500.0,yfinance_fallback,2026-05-19 07:25:56.245063
2026-04-29,EXCL,3040.0,3090.0,2970.0,3000.0,3188900.0,yfinance_fallback,2026-05-19 07:25:56.245063
2026-04-30,EXCL,3000.0,3020.0,2920.0,2940.0,8030100.0,yfinance_fallback,2026-05-19 07:25:56.245063
2026-05-04,EXCL,2930.0,3090.0,2930.0,3030.0,5226200.0,yfinance_fallback,2026-05-19 07:25:56.245063
2026-05-05,EXCL,3030.0,3120.0,3000.0,3070.0,5726100.0,yfinance_fallback,2026-05-19 07:25:56.245063
2026-05-06,EXCL,3100.0,3130.0,3060.0,3110.0,4498200.0,yfinance_fallback,2026-05-19 07:25:56.245063
2026-05-07,EXCL,3120.0,3240.0,3120.0,3230.0,16614400.0,yfinance_fallback,2026-05-19 07:25:56.245063
2026-05-08,EXCL,3230.0,3240.0,3020.0,3050.0,8249300.0,yfinance_fallback,2026-05-19 07:25:56.245063
2026-05-11,EXCL,3050.0,3070.0,2990.0,3020.0,5380600.0,yfinance_fallback,2026-05-19 07:25:56.245063
2026-05-12,EXCL,3020.0,3100.0,3020.0,3100.0,4637800.0,yfinance_fallback,2026-05-19 07:25:56.245063
2026-05-13,EXCL,3090.0,3110.0,3020.0,3030.0,7305900.0,yfinance_fallback,2026-05-19 07:25:56.245063
2026-05-14,EXCL,3030.0,3030.0,3030.0,3030.0,0.0,yfinance_fallback,2026-05-19 07:25:56.245063
2026-05-15,EXCL,3030.0,3030.0,3030.0,3030.0,0.0,yfinance_fallback,2026-05-19 07:25:56.245063
2026-05-18,EXCL,3040.0,3040.0,2850.0,2940.0,9743400.0,yfinance_fallback,2026-05-19 07:25:56.245063
2026-05-19,EXCL,2960.0,3040.0,2810.0,2870.0,10552500.0,yfinance_fallback,2026-05-19 07:25:56.245063
2026-05-20,EXCL,2930.0,3000.0,2830.0,2910.0,12691300.0,yfinance_fallback,2026-05-20 12:29:10.278102
2026-05-21,EXCL,2910.0,2930.0,2660.0,2660.0,13571800.0,yfinance_fallback,2026-05-21 12:48:51.407380
2026-04-20,GOTO,52.0,54.0,52.0,53.0,5355375400.0,yfinance_fallback,2026-05-19 07:25:56.245063
2026-04-21,GOTO,54.0,57.0,53.0,56.0,5512536000.0,yfinance_fallback,2026-05-19 07:25:56.245063
2026-04-22,GOTO,56.0,57.0,55.0,56.0,3432657000.0,yfinance_fallback,2026-05-19 07:25:56.245063
2026-04-23,GOTO,57.0,57.0,53.0,54.0,3728384800.0,yfinance_fallback,2026-05-19 07:25:56.245063
2026-04-24,GOTO,54.0,54.0,52.0,52.0,3359907700.0,yfinance_fallback,2026-05-19 07:25:56.245063
2026-04-27,GOTO,53.0,54.0,52.0,53.0,2799103600.0,yfinance_fallback,2026-05-19 07:25:56.245063
2026-04-28,GOTO,53.0,54.0,53.0,53.0,1376193600.0,yfinance_fallback,2026-05-19 07:25:56.245063
2026-04-29,GOTO,56.0,58.0,55.0,55.0,7685000300.0,yfinance_fallback,2026-05-19 07:25:56.245063
2026-04-30,GOTO,56.0,57.0,53.0,54.0,9260650700.0,yfinance_fallback,2026-05-19 07:25:56.245063
2026-05-04,GOTO,50.0,51.0,50.0,51.0,26429459800.0,yfinance_fallback,2026-05-19 07:25:56.245063
2026-05-05,GOTO,51.0,51.0,50.0,50.0,8111357900.0,yfinance_fallback,2026-05-19 07:25:56.245063
2026-05-06,GOTO,51.0,51.0,50.0,50.0,4506998400.0,yfinance_fallback,2026-05-19 07:25:56.245063
2026-05-07,GOTO,50.0,50.0,50.0,50.0,2994335700.0,yfinance_fallback,2026-05-19 07:25:56.245063
2026-05-08,GOTO,50.0,51.0,50.0,50.0,5975129800.0,yfinance_fallback,2026-05-19 07:25:56.245063
2026-05-11,GOTO,50.0,51.0,50.0,50.0,1502970500.0,yfinance_fallback,2026-05-19 07:25:56.245063
2026-05-12,GOTO,50.0,51.0,50.0,50.0,1918457200.0,yfinance_fallback,2026-05-19 07:25:56.245063
2026-05-13,GOTO,50.0,51.0,50.0,50.0,993936500.0,yfinance_fallback,2026-05-19 07:25:56.245063
2026-05-14,GOTO,50.0,50.0,50.0,50.0,0.0,yfinance_fallback,2026-05-19 07:25:56.245063
2026-05-15,GOTO,50.0,50.0,50.0,50.0,0.0,yfinance_fallback,2026-05-19 07:25:56.245063
2026-05-18,GOTO,50.0,50.0,50.0,50.0,1000157300.0,yfinance_fallback,2026-05-19 07:25:56.245063
2026-05-19,GOTO,50.0,50.0,50.0,50.0,228113400.0,yfinance_fallback,2026-05-19 07:25:56.245063
2026-05-20,GOTO,50.0,50.0,50.0,50.0,331704400.0,yfinance_fallback,2026-05-20 12:29:10.278102
2026-05-21,GOTO,50.0,50.0,50.0,50.0,323289500.0,yfinance_fallback,2026-05-21 12:48:51.407380
2026-04-20,HRUM,1040.0,1040.0,1015.0,1015.0,12175700.0,yfinance_fallback,2026-05-19 07:25:56.245063
2026-04-21,HRUM,1015.0,1025.0,1000.0,1015.0,10887700.0,yfinance_fallback,2026-05-19 07:25:56.245063
2026-04-22,HRUM,1015.0,1030.0,1005.0,1015.0,8912000.0,yfinance_fallback,2026-05-19 07:25:56.245063
2026-04-23,HRUM,1015.0,1020.0,1000.0,1000.0,10162100.0,yfinance_fallback,2026-05-19 07:25:56.245063
2026-04-24,HRUM,1000.0,1005.0,970.0,980.0,19629500.0,yfinance_fallback,2026-05-19 07:25:56.245063
2026-04-27,HRUM,985.0,1005.0,985.0,995.0,6800000.0,yfinance_fallback,2026-05-19 07:25:56.245063
2026-04-28,HRUM,1010.0,1020.0,995.0,1005.0,8021600.0,yfinance_fallback,2026-05-19 07:25:56.245063
2026-04-29,HRUM,1015.0,1020.0,1005.0,1010.0,7369300.0,yfinance_fallback,2026-05-19 07:25:56.245063
2026-04-30,HRUM,1010.0,1015.0,985.0,995.0,17830900.0,yfinance_fallback,2026-05-19 07:25:56.245063
2026-05-04,HRUM,1000.0,1010.0,990.0,990.0,6315100.0,yfinance_fallback,2026-05-19 07:25:56.245063
2026-05-05,HRUM,990.0,1000.0,980.0,980.0,7752700.0,yfinance_fallback,2026-05-19 07:25:56.245063
2026-05-06,HRUM,980.0,995.0,970.0,985.0,10796000.0,yfinance_fallback,2026-05-19 07:25:56.245063
2026-05-07,HRUM,995.0,1010.0,985.0,990.0,11013800.0,yfinance_fallback,2026-05-19 07:25:56.245063
2026-05-08,HRUM,990.0,990.0,900.0,910.0,35362800.0,yfinance_fallback,2026-05-19 07:25:56.245063
2026-05-11,HRUM,900.0,950.0,850.0,915.0,28226700.0,yfinance_fallback,2026-05-19 07:25:56.245063
2026-05-12,HRUM,920.0,930.0,900.0,920.0,6891700.0,yfinance_fallback,2026-05-19 07:25:56.245063
2026-05-13,HRUM,915.0,920.0,890.0,895.0,9500700.0,yfinance_fallback,2026-05-19 07:25:56.245063
2026-05-14,HRUM,895.0,895.0,895.0,895.0,0.0,yfinance_fallback,2026-05-19 07:25:56.245063
2026-05-15,HRUM,895.0,895.0,895.0,895.0,0.0,yfinance_fallback,2026-05-19 07:25:56.245063
2026-05-18,HRUM,895.0,895.0,790.0,820.0,30710800.0,yfinance_fallback,2026-05-19 07:25:56.245063
2026-05-19,HRUM,825.0,835.0,730.0,775.0,23788900.0,yfinance_fallback,2026-05-19 07:25:56.245063
2026-05-20,HRUM,750.0,780.0,725.0,735.0,21181500.0,yfinance_fallback,2026-05-20 12:29:10.278102
2026-05-21,HRUM,740.0,755.0,675.0,710.0,19855400.0,yfinance_fallback,2026-05-21 12:48:51.407380
2026-04-20,ICBP,7275.0,7300.0,7175.0,7175.0,3932800.0,yfinance_fallback,2026-05-19 07:25:56.245063
2026-04-21,ICBP,7175.0,7200.0,7125.0,7150.0,3851300.0,yfinance_fallback,2026-05-19 07:25:56.245063
2026-04-22,ICBP,7175.0,7175.0,7050.0,7100.0,7957300.0,yfinance_fallback,2026-05-19 07:25:56.245063
2026-04-23,ICBP,7100.0,7150.0,7025.0,7075.0,6103600.0,yfinance_fallback,2026-05-19 07:25:56.245063
2026-04-24,ICBP,7075.0,7100.0,6825.0,6825.0,8562900.0,yfinance_fallback,2026-05-19 07:25:56.245063
2026-04-27,ICBP,6825.0,6925.0,6750.0,6900.0,4100900.0,yfinance_fallback,2026-05-19 07:25:56.245063
2026-04-28,ICBP,6900.0,6950.0,6750.0,6775.0,5589600.0,yfinance_fallback,2026-05-19 07:25:56.245063
2026-04-29,ICBP,6775.0,6825.0,6700.0,6725.0,6155900.0,yfinance_fallback,2026-05-19 07:25:56.245063
2026-04-30,ICBP,6725.0,6775.0,6650.0,6775.0,6568000.0,yfinance_fallback,2026-05-19 07:25:56.245063
2026-05-04,ICBP,6775.0,6875.0,6675.0,6800.0,6688000.0,yfinance_fallback,2026-05-19 07:25:56.245063
2026-05-05,ICBP,6775.0,6800.0,6700.0,6725.0,7234600.0,yfinance_fallback,2026-05-19 07:25:56.245063
2026-05-06,ICBP,6725.0,6850.0,6725.0,6800.0,6494900.0,yfinance_fallback,2026-05-19 07:25:56.245063
2026-05-07,ICBP,6900.0,7250.0,6875.0,7175.0,13524700.0,yfinance_fallback,2026-05-19 07:25:56.245063
2026-05-08,ICBP,7175.0,7250.0,7025.0,7050.0,7207100.0,yfinance_fallback,2026-05-19 07:25:56.245063
2026-05-11,ICBP,7050.0,7175.0,6900.0,7100.0,5072900.0,yfinance_fallback,2026-05-19 07:25:56.245063
2026-05-12,ICBP,7100.0,7125.0,6850.0,6950.0,5044900.0,yfinance_fallback,2026-05-19 07:25:56.245063
2026-05-13,ICBP,6925.0,6925.0,6800.0,6825.0,4991500.0,yfinance_fallback,2026-05-19 07:25:56.245063
2026-05-14,ICBP,6825.0,6825.0,6825.0,6825.0,0.0,yfinance_fallback,2026-05-19 07:25:56.245063
2026-05-15,ICBP,6825.0,6825.0,6825.0,6825.0,0.0,yfinance_fallback,2026-05-19 07:25:56.245063
2026-05-18,ICBP,6825.0,6850.0,6725.0,6800.0,5351100.0,yfinance_fallback,2026-05-19 07:25:56.245063
2026-05-19,ICBP,6825.0,6850.0,6700.0,6750.0,3078600.0,yfinance_fallback,2026-05-19 07:25:56.245063
2026-05-20,ICBP,6725.0,6825.0,6700.0,6750.0,7512200.0,yfinance_fallback,2026-05-20 12:29:10.278102
2026-05-21,ICBP,6750.0,6800.0,6625.0,6675.0,6240200.0,yfinance_fallback,2026-05-21 12:48:51.407380
2026-04-20,INCO,6775.0,6950.0,6700.0,6800.0,12552700.0,yfinance_fallback,2026-05-19 07:25:56.245063
2026-04-21,INCO,6875.0,6925.0,6775.0,6925.0,7459500.0,yfinance_fallback,2026-05-19 07:25:56.245063
2026-04-22,INCO,6925.0,6950.0,6825.0,6875.0,13758400.0,yfinance_fallback,2026-05-19 07:25:56.245063
2026-04-23,INCO,6900.0,6950.0,6650.0,6700.0,13796900.0,yfinance_fallback,2026-05-19 07:25:56.245063
2026-04-24,INCO,6775.0,6850.0,6650.0,6700.0,20275200.0,yfinance_fallback,2026-05-19 07:25:56.245063
2026-04-27,INCO,6900.0,7200.0,6800.0,6850.0,22747600.0,yfinance_fallback,2026-05-19 07:25:56.245063
2026-04-28,INCO,6875.0,6950.0,6775.0,6800.0,19233500.0,yfinance_fallback,2026-05-19 07:25:56.245063
2026-04-29,INCO,6900.0,7000.0,6800.0,6825.0,6965200.0,yfinance_fallback,2026-05-19 07:25:56.245063
2026-04-30,INCO,6900.0,7000.0,6725.0,6850.0,14325200.0,yfinance_fallback,2026-05-19 07:25:56.245063
2026-05-04,INCO,6975.0,6975.0,6800.0,6875.0,6935000.0,yfinance_fallback,2026-05-19 07:25:56.245063
2026-05-05,INCO,6850.0,6875.0,5925.0,5975.0,41292000.0,yfinance_fallback,2026-05-19 07:25:56.245063
2026-05-06,INCO,6000.0,6175.0,5925.0,6125.0,18459900.0,yfinance_fallback,2026-05-19 07:25:56.245063
2026-05-07,INCO,6200.0,6400.0,6100.0,6300.0,23450600.0,yfinance_fallback,2026-05-19 07:25:56.245063
2026-05-08,INCO,6300.0,6325.0,5400.0,5425.0,35789300.0,yfinance_fallback,2026-05-19 07:25:56.245063
2026-05-11,INCO,5500.0,6150.0,5375.0,6025.0,44066800.0,yfinance_fallback,2026-05-19 07:25:56.245063
2026-05-12,INCO,6025.0,6125.0,5775.0,6075.0,17911000.0,yfinance_fallback,2026-05-19 07:25:56.245063
2026-05-13,INCO,6025.0,6050.0,5850.0,5875.0,13913000.0,yfinance_fallback,2026-05-19 07:25:56.245063
2026-05-14,INCO,5875.0,5875.0,5875.0,5875.0,0.0,yfinance_fallback,2026-05-19 07:25:56.245063
2026-05-15,INCO,5875.0,5875.0,5875.0,5875.0,0.0,yfinance_fallback,2026-05-19 07:25:56.245063
2026-05-18,INCO,5700.0,5700.0,5075.0,5350.0,39181800.0,yfinance_fallback,2026-05-19 07:25:56.245063
2026-05-19,INCO,5350.0,5400.0,4620.0,4840.0,44978000.0,yfinance_fallback,2026-05-19 07:25:56.245063
2026-05-20,INCO,4950.0,5125.0,4690.0,4830.0,49364400.0,yfinance_fallback,2026-05-20 12:29:10.278102
2026-05-21,INCO,4990.0,5000.0,4460.0,4670.0,38577100.0,yfinance_fallback,2026-05-21 12:48:51.407380
2026-04-20,INDF,6975.0,6975.0,6900.0,6925.0,7789700.0,yfinance_fallback,2026-05-19 07:25:56.245063
2026-04-21,INDF,6925.0,7000.0,6875.0,7000.0,8007700.0,yfinance_fallback,2026-05-19 07:25:56.245063
2026-04-22,INDF,7000.0,7025.0,6950.0,7025.0,8697100.0,yfinance_fallback,2026-05-19 07:25:56.245063
2026-04-23,INDF,7025.0,7050.0,6950.0,6975.0,9401600.0,yfinance_fallback,2026-05-19 07:25:56.245063
2026-04-24,INDF,7000.0,7000.0,6825.0,6900.0,9547700.0,yfinance_fallback,2026-05-19 07:25:56.245063
2026-04-27,INDF,6900.0,6925.0,6825.0,6900.0,4716400.0,yfinance_fallback,2026-05-19 07:25:56.245063
2026-04-28,INDF,6900.0,6925.0,6750.0,6825.0,12570200.0,yfinance_fallback,2026-05-19 07:25:56.245063
2026-04-29,INDF,6850.0,6975.0,6825.0,6850.0,5758000.0,yfinance_fallback,2026-05-19 07:25:56.245063
2026-04-30,INDF,6900.0,6975.0,6750.0,6750.0,12872200.0,yfinance_fallback,2026-05-19 07:25:56.245063
2026-05-04,INDF,6825.0,7025.0,6825.0,6950.0,11508000.0,yfinance_fallback,2026-05-19 07:25:56.245063
2026-05-05,INDF,7000.0,7000.0,6950.0,6950.0,6591100.0,yfinance_fallback,2026-05-19 07:25:56.245063
2026-05-06,INDF,6950.0,7050.0,6925.0,7050.0,8219400.0,yfinance_fallback,2026-05-19 07:25:56.245063
2026-05-07,INDF,7050.0,7175.0,7000.0,7125.0,11398100.0,yfinance_fallback,2026-05-19 07:25:56.245063
2026-05-08,INDF,7125.0,7150.0,6875.0,6975.0,6743500.0,yfinance_fallback,2026-05-19 07:25:56.245063
2026-05-11,INDF,6950.0,7000.0,6800.0,6925.0,8963200.0,yfinance_fallback,2026-05-19 07:25:56.245063
2026-05-12,INDF,6950.0,6975.0,6900.0,6975.0,5254700.0,yfinance_fallback,2026-05-19 07:25:56.245063
2026-05-13,INDF,6975.0,6975.0,6775.0,6825.0,7820400.0,yfinance_fallback,2026-05-19 07:25:56.245063
2026-05-14,INDF,6825.0,6825.0,6825.0,6825.0,0.0,yfinance_fallback,2026-05-19 07:25:56.245063
2026-05-15,INDF,6825.0,6825.0,6825.0,6825.0,0.0,yfinance_fallback,2026-05-19 07:25:56.245063
2026-05-18,INDF,6800.0,6825.0,6675.0,6725.0,9733400.0,yfinance_fallback,2026-05-19 07:25:56.245063
2026-05-19,INDF,6750.0,6750.0,6600.0,6625.0,4732200.0,yfinance_fallback,2026-05-19 07:25:56.245063
2026-05-20,INDF,6650.0,6750.0,6525.0,6600.0,11119500.0,yfinance_fallback,2026-05-20 12:29:10.278102
2026-05-21,INDF,6600.0,6825.0,6600.0,6750.0,11456400.0,yfinance_fallback,2026-05-21 12:48:51.407380
2026-04-20,INKP,9925.0,10050.0,9825.0,10000.0,3841800.0,yfinance_fallback,2026-05-19 07:25:56.245063
2026-04-21,INKP,10100.0,10100.0,9900.0,10000.0,3369600.0,yfinance_fallback,2026-05-19 07:25:56.245063
2026-04-22,INKP,10000.0,10025.0,9750.0,9825.0,3145200.0,yfinance_fallback,2026-05-19 07:25:56.245063
2026-04-23,INKP,9825.0,10175.0,9825.0,9925.0,4859700.0,yfinance_fallback,2026-05-19 07:25:56.245063
2026-04-24,INKP,9950.0,10000.0,9625.0,9775.0,3932100.0,yfinance_fallback,2026-05-19 07:25:56.245063
2026-04-27,INKP,9800.0,9925.0,9750.0,9900.0,3716300.0,yfinance_fallback,2026-05-19 07:25:56.245063
2026-04-28,INKP,9900.0,9900.0,9650.0,9675.0,5098800.0,yfinance_fallback,2026-05-19 07:25:56.245063
2026-04-29,INKP,9725.0,9775.0,9525.0,9675.0,5279900.0,yfinance_fallback,2026-05-19 07:25:56.245063
2026-04-30,INKP,9675.0,10000.0,9575.0,9750.0,8778500.0,yfinance_fallback,2026-05-19 07:25:56.245063
2026-05-04,INKP,9975.0,10125.0,9650.0,9750.0,7757600.0,yfinance_fallback,2026-05-19 07:25:56.245063
2026-05-05,INKP,9750.0,9850.0,9300.0,9325.0,8707300.0,yfinance_fallback,2026-05-19 07:25:56.245063
2026-05-06,INKP,9325.0,9575.0,9150.0,9500.0,7639800.0,yfinance_fallback,2026-05-19 07:25:56.245063
2026-05-07,INKP,9500.0,9500.0,9225.0,9450.0,12399300.0,yfinance_fallback,2026-05-19 07:25:56.245063
2026-05-08,INKP,9450.0,9500.0,9025.0,9150.0,11669800.0,yfinance_fallback,2026-05-19 07:25:56.245063
2026-05-11,INKP,9150.0,9250.0,8775.0,9000.0,8363700.0,yfinance_fallback,2026-05-19 07:25:56.245063
2026-05-12,INKP,9075.0,9175.0,8675.0,8925.0,13392500.0,yfinance_fallback,2026-05-19 07:25:56.245063
2026-05-13,INKP,8800.0,9075.0,8700.0,9000.0,6390400.0,yfinance_fallback,2026-05-19 07:25:56.245063
2026-05-14,INKP,9000.0,9000.0,9000.0,9000.0,0.0,yfinance_fallback,2026-05-19 07:25:56.245063
2026-05-15,INKP,9000.0,9000.0,9000.0,9000.0,0.0,yfinance_fallback,2026-05-19 07:25:56.245063
2026-05-18,INKP,8775.0,8800.0,8200.0,8575.0,18187700.0,yfinance_fallback,2026-05-19 07:25:56.245063
2026-05-19,INKP,8600.0,8625.0,8050.0,8325.0,9798800.0,yfinance_fallback,2026-05-19 07:25:56.245063
2026-05-20,INKP,8200.0,8300.0,7775.0,8000.0,20850600.0,yfinance_fallback,2026-05-20 12:29:10.278102
2026-05-21,INKP,8150.0,8225.0,7900.0,7925.0,6714000.0,yfinance_fallback,2026-05-21 12:48:51.407380
2026-04-20,INTP,5575.0,5600.0,5400.0,5425.0,881200.0,yfinance_fallback,2026-05-19 07:25:56.245063
2026-04-21,INTP,5375.0,5500.0,5350.0,5500.0,694800.0,yfinance_fallback,2026-05-19 07:25:56.245063
2026-04-22,INTP,5500.0,5625.0,5475.0,5575.0,873100.0,yfinance_fallback,2026-05-19 07:25:56.245063
2026-04-23,INTP,5600.0,5600.0,5325.0,5375.0,1081600.0,yfinance_fallback,2026-05-19 07:25:56.245063
2026-04-24,INTP,5375.0,5425.0,5225.0,5300.0,1254800.0,yfinance_fallback,2026-05-19 07:25:56.245063
2026-04-27,INTP,5275.0,5300.0,5125.0,5250.0,1197200.0,yfinance_fallback,2026-05-19 07:25:56.245063
2026-04-28,INTP,5250.0,5275.0,5075.0,5150.0,776000.0,yfinance_fallback,2026-05-19 07:25:56.245063
2026-04-29,INTP,5175.0,5225.0,5100.0,5200.0,1179900.0,yfinance_fallback,2026-05-19 07:25:56.245063
2026-04-30,INTP,5200.0,5225.0,5175.0,5200.0,2949500.0,yfinance_fallback,2026-05-19 07:25:56.245063
2026-05-04,INTP,5225.0,5225.0,5075.0,5125.0,702900.0,yfinance_fallback,2026-05-19 07:25:56.245063
2026-05-05,INTP,5125.0,5175.0,5075.0,5150.0,592000.0,yfinance_fallback,2026-05-19 07:25:56.245063
2026-05-06,INTP,5150.0,5200.0,5075.0,5100.0,1203200.0,yfinance_fallback,2026-05-19 07:25:56.245063
2026-05-07,INTP,5125.0,5300.0,5125.0,5225.0,1224700.0,yfinance_fallback,2026-05-19 07:25:56.245063
2026-05-08,INTP,5225.0,5225.0,5075.0,5075.0,1013900.0,yfinance_fallback,2026-05-19 07:25:56.245063
2026-05-11,INTP,5100.0,5225.0,5075.0,5225.0,529300.0,yfinance_fallback,2026-05-19 07:25:56.245063
2026-05-12,INTP,5275.0,5275.0,5100.0,5200.0,783300.0,yfinance_fallback,2026-05-19 07:25:56.245063
2026-05-13,INTP,5200.0,5225.0,5075.0,5075.0,686200.0,yfinance_fallback,2026-05-19 07:25:56.245063
2026-05-14,INTP,5075.0,5075.0,5075.0,5075.0,0.0,yfinance_fallback,2026-05-19 07:25:56.245063
2026-05-15,INTP,5075.0,5075.0,5075.0,5075.0,0.0,yfinance_fallback,2026-05-19 07:25:56.245063
2026-05-18,INTP,5075.0,5075.0,4860.0,4880.0,2365300.0,yfinance_fallback,2026-05-19 07:25:56.245063
2026-05-19,INTP,4880.0,4900.0,4750.0,4810.0,2468100.0,yfinance_fallback,2026-05-19 07:25:56.245063
2026-05-20,INTP,4820.0,4830.0,4720.0,4750.0,2850300.0,yfinance_fallback,2026-05-20 12:29:10.278102
2026-05-21,INTP,4750.0,4830.0,4740.0,4810.0,1486800.0,yfinance_fallback,2026-05-21 12:48:51.407380
2026-04-20,ISAT,2050.0,2080.0,2010.0,2020.0,10747600.0,yfinance_fallback,2026-05-19 07:25:56.245063
2026-04-21,ISAT,2020.0,2030.0,1980.0,2020.0,8784100.0,yfinance_fallback,2026-05-19 07:25:56.245063
2026-04-22,ISAT,2020.0,2040.0,1980.0,1985.0,12420900.0,yfinance_fallback,2026-05-19 07:25:56.245063
2026-04-23,ISAT,1990.0,2000.0,1945.0,1955.0,19671800.0,yfinance_fallback,2026-05-19 07:25:56.245063
2026-04-24,ISAT,1955.0,1970.0,1895.0,1970.0,15203100.0,yfinance_fallback,2026-05-19 07:25:56.245063
2026-04-27,ISAT,1970.0,2020.0,1945.0,2010.0,18691300.0,yfinance_fallback,2026-05-19 07:25:56.245063
2026-04-28,ISAT,2030.0,2030.0,1930.0,1950.0,14611500.0,yfinance_fallback,2026-05-19 07:25:56.245063
2026-04-29,ISAT,1950.0,2010.0,1945.0,1985.0,11623400.0,yfinance_fallback,2026-05-19 07:25:56.245063
2026-04-30,ISAT,1990.0,2020.0,1960.0,1995.0,22561900.0,yfinance_fallback,2026-05-19 07:25:56.245063
2026-05-04,ISAT,2000.0,2080.0,2000.0,2080.0,16177200.0,yfinance_fallback,2026-05-19 07:25:56.245063
2026-05-05,ISAT,2100.0,2150.0,2050.0,2110.0,15042800.0,yfinance_fallback,2026-05-19 07:25:56.245063
2026-05-06,ISAT,2120.0,2180.0,2100.0,2130.0,12400500.0,yfinance_fallback,2026-05-19 07:25:56.245063
2026-05-07,ISAT,2170.0,2210.0,2130.0,2150.0,20140300.0,yfinance_fallback,2026-05-19 07:25:56.245063
2026-05-08,ISAT,2170.0,2320.0,2130.0,2240.0,18576800.0,yfinance_fallback,2026-05-19 07:25:56.245063
2026-05-11,ISAT,2250.0,2250.0,2110.0,2180.0,15509100.0,yfinance_fallback,2026-05-19 07:25:56.245063
2026-05-12,ISAT,2200.0,2350.0,2200.0,2350.0,28837400.0,yfinance_fallback,2026-05-19 07:25:56.245063
2026-05-13,ISAT,2350.0,2380.0,2270.0,2370.0,16756400.0,yfinance_fallback,2026-05-19 07:25:56.245063
2026-05-14,ISAT,2370.0,2370.0,2370.0,2370.0,0.0,yfinance_fallback,2026-05-19 07:25:56.245063
2026-05-15,ISAT,2370.0,2370.0,2370.0,2370.0,0.0,yfinance_fallback,2026-05-19 07:25:56.245063
2026-05-18,ISAT,2210.0,2300.0,2160.0,2300.0,17546400.0,yfinance_fallback,2026-05-19 07:25:56.245063
2026-05-19,ISAT,2290.0,2380.0,2220.0,2290.0,11832100.0,yfinance_fallback,2026-05-19 07:25:56.245063
2026-05-20,ISAT,2180.0,2250.0,2100.0,2150.0,7801200.0,yfinance_fallback,2026-05-20 12:29:10.278102
2026-05-21,ISAT,2150.0,2180.0,2030.0,2080.0,12972800.0,yfinance_fallback,2026-05-21 12:48:51.407380
2026-04-20,ITMG,26550.0,26550.0,25850.0,26075.0,3747600.0,yfinance_fallback,2026-05-19 07:25:56.245063
2026-04-21,ITMG,26075.0,26550.0,25775.0,26250.0,2223100.0,yfinance_fallback,2026-05-19 07:25:56.245063
2026-04-22,ITMG,26450.0,27150.0,26425.0,26800.0,1726600.0,yfinance_fallback,2026-05-19 07:25:56.245063
2026-04-23,ITMG,27000.0,27050.0,26575.0,26750.0,1484900.0,yfinance_fallback,2026-05-19 07:25:56.245063
2026-04-24,ITMG,26800.0,26850.0,26325.0,26400.0,2039600.0,yfinance_fallback,2026-05-19 07:25:56.245063
2026-04-27,ITMG,26450.0,26525.0,25350.0,25450.0,3652200.0,yfinance_fallback,2026-05-19 07:25:56.245063
2026-04-28,ITMG,24900.0,25600.0,24600.0,25475.0,2374700.0,yfinance_fallback,2026-05-19 07:25:56.245063
2026-04-29,ITMG,25475.0,26225.0,25475.0,26200.0,2182700.0,yfinance_fallback,2026-05-19 07:25:56.245063
2026-04-30,ITMG,26175.0,26675.0,25650.0,26650.0,3761700.0,yfinance_fallback,2026-05-19 07:25:56.245063
2026-05-04,ITMG,26650.0,26800.0,26325.0,26800.0,2025800.0,yfinance_fallback,2026-05-19 07:25:56.245063
2026-05-05,ITMG,27000.0,27050.0,26800.0,26850.0,2074600.0,yfinance_fallback,2026-05-19 07:25:56.245063
2026-05-06,ITMG,26850.0,26875.0,25925.0,26175.0,1875300.0,yfinance_fallback,2026-05-19 07:25:56.245063
2026-05-07,ITMG,26100.0,26250.0,25450.0,25500.0,1914500.0,yfinance_fallback,2026-05-19 07:25:56.245063
2026-05-08,ITMG,25500.0,25750.0,24000.0,24300.0,2500300.0,yfinance_fallback,2026-05-19 07:25:56.245063
2026-05-11,ITMG,24300.0,24775.0,23425.0,24150.0,2203400.0,yfinance_fallback,2026-05-19 07:25:56.245063
2026-05-12,ITMG,24150.0,24350.0,23425.0,24100.0,1211500.0,yfinance_fallback,2026-05-19 07:25:56.245063
2026-05-13,ITMG,24075.0,24075.0,23550.0,23950.0,837200.0,yfinance_fallback,2026-05-19 07:25:56.245063
2026-05-14,ITMG,23950.0,23950.0,23950.0,23950.0,0.0,yfinance_fallback,2026-05-19 07:25:56.245063
2026-05-15,ITMG,23950.0,23950.0,23950.0,23950.0,0.0,yfinance_fallback,2026-05-19 07:25:56.245063
2026-05-18,ITMG,23950.0,24950.0,23700.0,24950.0,2486900.0,yfinance_fallback,2026-05-19 07:25:56.245063
2026-05-19,ITMG,24950.0,25000.0,22975.0,23275.0,2428800.0,yfinance_fallback,2026-05-19 07:25:56.245063
2026-05-20,ITMG,23000.0,23525.0,22625.0,23525.0,2610100.0,yfinance_fallback,2026-05-20 12:29:10.278102
2026-05-21,ITMG,23275.0,23525.0,22175.0,22325.0,2544700.0,yfinance_fallback,2026-05-21 12:48:51.407380
2026-04-20,KLBF,965.0,970.0,935.0,935.0,66056600.0,yfinance_fallback,2026-05-19 07:25:56.245063
2026-04-21,KLBF,935.0,945.0,935.0,940.0,41518200.0,yfinance_fallback,2026-05-19 07:25:56.245063
2026-04-22,KLBF,945.0,950.0,940.0,940.0,30437600.0,yfinance_fallback,2026-05-19 07:25:56.245063
2026-04-23,KLBF,940.0,945.0,905.0,910.0,68701100.0,yfinance_fallback,2026-05-19 07:25:56.245063
2026-04-24,KLBF,910.0,915.0,860.0,875.0,96851500.0,yfinance_fallback,2026-05-19 07:25:56.245063
2026-04-27,KLBF,875.0,895.0,860.0,875.0,70628000.0,yfinance_fallback,2026-05-19 07:25:56.245063
2026-04-28,KLBF,875.0,885.0,865.0,885.0,56885700.0,yfinance_fallback,2026-05-19 07:25:56.245063
2026-04-29,KLBF,885.0,890.0,870.0,875.0,51235600.0,yfinance_fallback,2026-05-19 07:25:56.245063
2026-04-30,KLBF,880.0,890.0,860.0,865.0,55352100.0,yfinance_fallback,2026-05-19 07:25:56.245063
2026-05-04,KLBF,875.0,880.0,855.0,865.0,53274600.0,yfinance_fallback,2026-05-19 07:25:56.245063
2026-05-05,KLBF,865.0,875.0,850.0,850.0,48076500.0,yfinance_fallback,2026-05-19 07:25:56.245063
2026-05-06,KLBF,855.0,870.0,855.0,865.0,30325500.0,yfinance_fallback,2026-05-19 07:25:56.245063
2026-05-07,KLBF,885.0,905.0,885.0,900.0,111628500.0,yfinance_fallback,2026-05-19 07:25:56.245063
2026-05-08,KLBF,900.0,930.0,880.0,920.0,140026400.0,yfinance_fallback,2026-05-19 07:25:56.245063
2026-05-11,KLBF,925.0,935.0,885.0,890.0,107445200.0,yfinance_fallback,2026-05-19 07:25:56.245063
2026-05-12,KLBF,890.0,900.0,855.0,870.0,104098100.0,yfinance_fallback,2026-05-19 07:25:56.245063
2026-05-13,KLBF,865.0,875.0,850.0,850.0,57659500.0,yfinance_fallback,2026-05-19 07:25:56.245063
2026-05-14,KLBF,850.0,850.0,850.0,850.0,0.0,yfinance_fallback,2026-05-19 07:25:56.245063
2026-05-15,KLBF,850.0,850.0,850.0,850.0,0.0,yfinance_fallback,2026-05-19 07:25:56.245063
2026-05-18,KLBF,850.0,850.0,815.0,840.0,70061400.0,yfinance_fallback,2026-05-19 07:25:56.245063
2026-05-19,KLBF,840.0,845.0,820.0,820.0,25116300.0,yfinance_fallback,2026-05-19 07:25:56.245063
2026-05-20,KLBF,830.0,845.0,815.0,830.0,60103300.0,yfinance_fallback,2026-05-20 12:29:10.278102
2026-05-21,KLBF,830.0,840.0,805.0,810.0,50675500.0,yfinance_fallback,2026-05-21 12:48:51.407380
2026-04-20,MAPI,1295.0,1295.0,1250.0,1255.0,11001500.0,yfinance_fallback,2026-05-19 07:25:56.245063
2026-04-21,MAPI,1280.0,1320.0,1255.0,1310.0,26311700.0,yfinance_fallback,2026-05-19 07:25:56.245063
2026-04-22,MAPI,1310.0,1310.0,1290.0,1310.0,12811100.0,yfinance_fallback,2026-05-19 07:25:56.245063
2026-04-23,MAPI,1310.0,1310.0,1295.0,1305.0,15712500.0,yfinance_fallback,2026-05-19 07:25:56.245063
2026-04-24,MAPI,1305.0,1305.0,1255.0,1285.0,30967600.0,yfinance_fallback,2026-05-19 07:25:56.245063
2026-04-27,MAPI,1285.0,1345.0,1280.0,1330.0,21316800.0,yfinance_fallback,2026-05-19 07:25:56.245063
2026-04-28,MAPI,1330.0,1335.0,1275.0,1290.0,17445300.0,yfinance_fallback,2026-05-19 07:25:56.245063
2026-04-29,MAPI,1290.0,1305.0,1265.0,1290.0,14964000.0,yfinance_fallback,2026-05-19 07:25:56.245063
2026-04-30,MAPI,1290.0,1305.0,1215.0,1215.0,17054200.0,yfinance_fallback,2026-05-19 07:25:56.245063
2026-05-04,MAPI,1225.0,1305.0,1225.0,1295.0,9878200.0,yfinance_fallback,2026-05-19 07:25:56.245063
2026-05-05,MAPI,1290.0,1290.0,1215.0,1215.0,22420900.0,yfinance_fallback,2026-05-19 07:25:56.245063
2026-05-06,MAPI,1240.0,1250.0,1225.0,1235.0,6388600.0,yfinance_fallback,2026-05-19 07:25:56.245063
2026-05-07,MAPI,1255.0,1300.0,1250.0,1295.0,10109000.0,yfinance_fallback,2026-05-19 07:25:56.245063
2026-05-08,MAPI,1320.0,1455.0,1305.0,1455.0,115845600.0,yfinance_fallback,2026-05-19 07:25:56.245063
2026-05-11,MAPI,1490.0,1515.0,1480.0,1505.0,155451500.0,yfinance_fallback,2026-05-19 07:25:56.245063
2026-05-12,MAPI,1505.0,1520.0,1490.0,1495.0,43692000.0,yfinance_fallback,2026-05-19 07:25:56.245063
2026-05-13,MAPI,1495.0,1500.0,1470.0,1475.0,74393000.0,yfinance_fallback,2026-05-19 07:25:56.245063
2026-05-14,MAPI,1475.0,1475.0,1475.0,1475.0,0.0,yfinance_fallback,2026-05-19 07:25:56.245063
2026-05-15,MAPI,1475.0,1475.0,1475.0,1475.0,0.0,yfinance_fallback,2026-05-19 07:25:56.245063
2026-05-18,MAPI,1475.0,1495.0,1470.0,1485.0,68451000.0,yfinance_fallback,2026-05-19 07:25:56.245063
2026-05-19,MAPI,1485.0,1505.0,1480.0,1480.0,42987300.0,yfinance_fallback,2026-05-19 07:25:56.245063
2026-05-20,MAPI,1480.0,1485.0,1475.0,1480.0,51184100.0,yfinance_fallback,2026-05-20 12:29:10.278102
2026-05-21,MAPI,1480.0,1495.0,1480.0,1485.0,31718500.0,yfinance_fallback,2026-05-21 12:48:51.407380
2026-04-20,MBMA,760.0,770.0,725.0,730.0,142004900.0,yfinance_fallback,2026-05-19 07:25:56.245063
2026-04-21,MBMA,735.0,740.0,720.0,730.0,89720800.0,yfinance_fallback,2026-05-19 07:25:56.245063
2026-04-22,MBMA,735.0,740.0,700.0,705.0,189416500.0,yfinance_fallback,2026-05-19 07:25:56.245063
2026-04-23,MBMA,710.0,715.0,670.0,675.0,199164700.0,yfinance_fallback,2026-05-19 07:25:56.245063
2026-04-24,MBMA,680.0,695.0,645.0,660.0,236008000.0,yfinance_fallback,2026-05-19 07:25:56.245063
2026-04-27,MBMA,675.0,690.0,660.0,680.0,105909300.0,yfinance_fallback,2026-05-19 07:25:56.245063
2026-04-28,MBMA,685.0,710.0,670.0,705.0,132576400.0,yfinance_fallback,2026-05-19 07:25:56.245063
2026-04-29,MBMA,705.0,710.0,690.0,690.0,82903600.0,yfinance_fallback,2026-05-19 07:25:56.245063
2026-04-30,MBMA,690.0,690.0,640.0,675.0,227934500.0,yfinance_fallback,2026-05-19 07:25:56.245063
2026-05-04,MBMA,670.0,680.0,660.0,675.0,72054000.0,yfinance_fallback,2026-05-19 07:25:56.245063
2026-05-05,MBMA,670.0,680.0,615.0,615.0,228463800.0,yfinance_fallback,2026-05-19 07:25:56.245063
2026-05-06,MBMA,615.0,665.0,615.0,655.0,174974700.0,yfinance_fallback,2026-05-19 07:25:56.245063
2026-05-07,MBMA,655.0,670.0,635.0,655.0,105380200.0,yfinance_fallback,2026-05-19 07:25:56.245063
2026-05-08,MBMA,655.0,655.0,580.0,580.0,265645500.0,yfinance_fallback,2026-05-19 07:25:56.245063
2026-05-11,MBMA,585.0,665.0,560.0,615.0,233415500.0,yfinance_fallback,2026-05-19 07:25:56.245063
2026-05-12,MBMA,615.0,615.0,590.0,600.0,93168000.0,yfinance_fallback,2026-05-19 07:25:56.245063
2026-05-13,MBMA,600.0,615.0,585.0,585.0,88114700.0,yfinance_fallback,2026-05-19 07:25:56.245063
2026-05-14,MBMA,585.0,585.0,585.0,585.0,0.0,yfinance_fallback,2026-05-19 07:25:56.245063
2026-05-15,MBMA,585.0,585.0,585.0,585.0,0.0,yfinance_fallback,2026-05-19 07:25:56.245063
2026-05-18,MBMA,580.0,580.0,505.0,540.0,315024800.0,yfinance_fallback,2026-05-19 07:25:56.245063
2026-05-19,MBMA,550.0,550.0,472.0,480.0,495672700.0,yfinance_fallback,2026-05-19 07:25:56.245063
2026-05-20,MBMA,472.0,498.0,424.0,460.0,592863500.0,yfinance_fallback,2026-05-20 12:29:10.278102
2026-05-21,MBMA,468.0,472.0,424.0,440.0,234624600.0,yfinance_fallback,2026-05-21 12:48:51.407380
2026-04-20,MDKA,3370.0,3460.0,3310.0,3350.0,57870700.0,yfinance_fallback,2026-05-19 07:25:56.245063
2026-04-21,MDKA,3450.0,3490.0,3360.0,3370.0,74905600.0,yfinance_fallback,2026-05-19 07:25:56.245063
2026-04-22,MDKA,3400.0,3540.0,3370.0,3400.0,69397300.0,yfinance_fallback,2026-05-19 07:25:56.245063
2026-04-23,MDKA,3420.0,3440.0,3330.0,3380.0,29249900.0,yfinance_fallback,2026-05-19 07:25:56.245063
2026-04-24,MDKA,3370.0,3380.0,3260.0,3380.0,36081500.0,yfinance_fallback,2026-05-19 07:25:56.245063
2026-04-27,MDKA,3390.0,3480.0,3380.0,3470.0,36621100.0,yfinance_fallback,2026-05-19 07:25:56.245063
2026-04-28,MDKA,3480.0,3490.0,3400.0,3420.0,26659900.0,yfinance_fallback,2026-05-19 07:25:56.245063
2026-04-29,MDKA,3430.0,3440.0,3360.0,3400.0,21530600.0,yfinance_fallback,2026-05-19 07:25:56.245063
2026-04-30,MDKA,3430.0,3440.0,3150.0,3230.0,54140100.0,yfinance_fallback,2026-05-19 07:25:56.245063
2026-05-04,MDKA,3230.0,3270.0,3170.0,3200.0,29676400.0,yfinance_fallback,2026-05-19 07:25:56.245063
2026-05-05,MDKA,3200.0,3200.0,3070.0,3100.0,33994900.0,yfinance_fallback,2026-05-19 07:25:56.245063
2026-05-06,MDKA,3100.0,3160.0,3070.0,3110.0,42688000.0,yfinance_fallback,2026-05-19 07:25:56.245063
2026-05-07,MDKA,3160.0,3250.0,3140.0,3200.0,87770200.0,yfinance_fallback,2026-05-19 07:25:56.245063
2026-05-08,MDKA,3200.0,3240.0,2720.0,2780.0,306091600.0,yfinance_fallback,2026-05-19 07:25:56.245063
2026-05-11,MDKA,2760.0,3100.0,2630.0,2870.0,194848600.0,yfinance_fallback,2026-05-19 07:25:56.245063
2026-05-12,MDKA,2890.0,2910.0,2770.0,2870.0,55519100.0,yfinance_fallback,2026-05-19 07:25:56.245063
2026-05-13,MDKA,2820.0,2840.0,2690.0,2730.0,60819200.0,yfinance_fallback,2026-05-19 07:25:56.245063
2026-05-14,MDKA,2730.0,2730.0,2730.0,2730.0,0.0,yfinance_fallback,2026-05-19 07:25:56.245063
2026-05-15,MDKA,2730.0,2730.0,2730.0,2730.0,0.0,yfinance_fallback,2026-05-19 07:25:56.245063
2026-05-18,MDKA,2630.0,2660.0,2340.0,2660.0,155530700.0,yfinance_fallback,2026-05-19 07:25:56.245063
2026-05-19,MDKA,2680.0,2780.0,2400.0,2540.0,218985200.0,yfinance_fallback,2026-05-19 07:25:56.245063
2026-05-20,MDKA,2500.0,2650.0,2250.0,2350.0,208580800.0,yfinance_fallback,2026-05-20 12:29:10.278102
2026-05-21,MDKA,2410.0,2410.0,2150.0,2180.0,135882000.0,yfinance_fallback,2026-05-21 12:48:51.407380
2026-04-20,MEDC,1705.0,1730.0,1670.0,1700.0,60718900.0,yfinance_fallback,2026-05-19 07:25:56.245063
2026-04-21,MEDC,1710.0,1725.0,1670.0,1725.0,59721600.0,yfinance_fallback,2026-05-19 07:25:56.245063
2026-04-22,MEDC,1730.0,1750.0,1675.0,1700.0,94576100.0,yfinance_fallback,2026-05-19 07:25:56.245063
2026-04-23,MEDC,1710.0,1800.0,1710.0,1800.0,184050400.0,yfinance_fallback,2026-05-19 07:25:56.245063
2026-04-24,MEDC,1805.0,1810.0,1700.0,1725.0,119248300.0,yfinance_fallback,2026-05-19 07:25:56.245063
2026-04-27,MEDC,1725.0,1755.0,1675.0,1740.0,62727400.0,yfinance_fallback,2026-05-19 07:25:56.245063
2026-04-28,MEDC,1735.0,1755.0,1705.0,1725.0,48217700.0,yfinance_fallback,2026-05-19 07:25:56.245063
2026-04-29,MEDC,1720.0,1805.0,1715.0,1800.0,112920100.0,yfinance_fallback,2026-05-19 07:25:56.245063
2026-04-30,MEDC,1820.0,1830.0,1740.0,1750.0,81489900.0,yfinance_fallback,2026-05-19 07:25:56.245063
2026-05-04,MEDC,1765.0,1775.0,1730.0,1750.0,35133200.0,yfinance_fallback,2026-05-19 07:25:56.245063
2026-05-05,MEDC,1760.0,1770.0,1715.0,1735.0,74300700.0,yfinance_fallback,2026-05-19 07:25:56.245063
2026-05-06,MEDC,1720.0,1760.0,1695.0,1720.0,45714000.0,yfinance_fallback,2026-05-19 07:25:56.245063
2026-05-07,MEDC,1670.0,1680.0,1570.0,1585.0,154287400.0,yfinance_fallback,2026-05-19 07:25:56.245063
2026-05-08,MEDC,1595.0,1640.0,1575.0,1600.0,80441400.0,yfinance_fallback,2026-05-19 07:25:56.245063
2026-05-11,MEDC,1610.0,1620.0,1530.0,1560.0,71074100.0,yfinance_fallback,2026-05-19 07:25:56.245063
2026-05-12,MEDC,1565.0,1595.0,1535.0,1590.0,51365600.0,yfinance_fallback,2026-05-19 07:25:56.245063
2026-05-13,MEDC,1580.0,1600.0,1545.0,1570.0,34052100.0,yfinance_fallback,2026-05-19 07:25:56.245063
2026-05-14,MEDC,1570.0,1570.0,1570.0,1570.0,0.0,yfinance_fallback,2026-05-19 07:25:56.245063
2026-05-15,MEDC,1570.0,1570.0,1570.0,1570.0,0.0,yfinance_fallback,2026-05-19 07:25:56.245063
2026-05-18,MEDC,1580.0,1610.0,1550.0,1610.0,57623300.0,yfinance_fallback,2026-05-19 07:25:56.245063
2026-05-19,MEDC,1600.0,1610.0,1460.0,1490.0,73617000.0,yfinance_fallback,2026-05-19 07:25:56.245063
2026-05-20,MEDC,1470.0,1570.0,1430.0,1550.0,69385900.0,yfinance_fallback,2026-05-20 12:29:10.278102
2026-05-21,MEDC,1550.0,1550.0,1320.0,1320.0,128999100.0,yfinance_fallback,2026-05-21 12:48:51.407380
2026-04-20,MIKA,2130.0,2140.0,2070.0,2070.0,1697600.0,yfinance_fallback,2026-05-19 07:25:56.245063
2026-04-21,MIKA,2080.0,2110.0,2070.0,2110.0,1442600.0,yfinance_fallback,2026-05-19 07:25:56.245063
2026-04-22,MIKA,2110.0,2120.0,2080.0,2090.0,2469200.0,yfinance_fallback,2026-05-19 07:25:56.245063
2026-04-23,MIKA,2100.0,2100.0,2040.0,2060.0,1583200.0,yfinance_fallback,2026-05-19 07:25:56.245063
2026-04-24,MIKA,2060.0,2070.0,2020.0,2040.0,1145700.0,yfinance_fallback,2026-05-19 07:25:56.245063
2026-04-27,MIKA,2060.0,2060.0,2020.0,2040.0,738100.0,yfinance_fallback,2026-05-19 07:25:56.245063
2026-04-28,MIKA,2050.0,2060.0,1970.0,1980.0,1985900.0,yfinance_fallback,2026-05-19 07:25:56.245063
2026-04-29,MIKA,1990.0,1990.0,1920.0,1940.0,4069900.0,yfinance_fallback,2026-05-19 07:25:56.245063
2026-04-30,MIKA,1940.0,1950.0,1905.0,1925.0,2768600.0,yfinance_fallback,2026-05-19 07:25:56.245063
2026-05-04,MIKA,1940.0,1950.0,1885.0,1915.0,2599200.0,yfinance_fallback,2026-05-19 07:25:56.245063
2026-05-05,MIKA,1915.0,1920.0,1885.0,1900.0,1949100.0,yfinance_fallback,2026-05-19 07:25:56.245063
2026-05-06,MIKA,1910.0,1910.0,1895.0,1905.0,1070000.0,yfinance_fallback,2026-05-19 07:25:56.245063
2026-05-07,MIKA,1900.0,1930.0,1860.0,1910.0,6412600.0,yfinance_fallback,2026-05-19 07:25:56.245063
2026-05-08,MIKA,1915.0,1995.0,1915.0,1945.0,4547000.0,yfinance_fallback,2026-05-19 07:25:56.245063
2026-05-11,MIKA,1970.0,2010.0,1950.0,1950.0,3489100.0,yfinance_fallback,2026-05-19 07:25:56.245063
2026-05-12,MIKA,1975.0,1975.0,1905.0,1920.0,2185900.0,yfinance_fallback,2026-05-19 07:25:56.245063
2026-05-13,MIKA,1800.0,1885.0,1710.0,1850.0,13747500.0,yfinance_fallback,2026-05-19 07:25:56.245063
2026-05-14,MIKA,1850.0,1850.0,1850.0,1850.0,0.0,yfinance_fallback,2026-05-19 07:25:56.245063
2026-05-15,MIKA,1850.0,1850.0,1850.0,1850.0,0.0,yfinance_fallback,2026-05-19 07:25:56.245063
2026-05-18,MIKA,1850.0,1855.0,1770.0,1835.0,5261200.0,yfinance_fallback,2026-05-19 07:25:56.245063
2026-05-19,MIKA,1810.0,1875.0,1725.0,1755.0,4505900.0,yfinance_fallback,2026-05-19 07:25:56.245063
2026-05-20,MIKA,1755.0,1755.0,1625.0,1625.0,14051700.0,yfinance_fallback,2026-05-20 12:29:10.278102
2026-05-21,MIKA,1635.0,1705.0,1635.0,1650.0,11606600.0,yfinance_fallback,2026-05-21 12:48:51.407380
2026-04-20,NCKL,1235.0,1245.0,1190.0,1205.0,78519300.0,yfinance_fallback,2026-05-19 07:25:56.245063
2026-04-21,NCKL,1210.0,1210.0,1165.0,1165.0,65964900.0,yfinance_fallback,2026-05-19 07:25:56.245063
2026-04-22,NCKL,1165.0,1175.0,1110.0,1125.0,96110000.0,yfinance_fallback,2026-05-19 07:25:56.245063
2026-04-23,NCKL,1135.0,1140.0,1115.0,1120.0,40754600.0,yfinance_fallback,2026-05-19 07:25:56.245063
2026-04-24,NCKL,1130.0,1140.0,1105.0,1115.0,57517700.0,yfinance_fallback,2026-05-19 07:25:56.245063
2026-04-27,NCKL,1120.0,1160.0,1120.0,1135.0,58316800.0,yfinance_fallback,2026-05-19 07:25:56.245063
2026-04-28,NCKL,1140.0,1150.0,1120.0,1125.0,33218500.0,yfinance_fallback,2026-05-19 07:25:56.245063
2026-04-29,NCKL,1140.0,1145.0,1105.0,1105.0,33527800.0,yfinance_fallback,2026-05-19 07:25:56.245063
2026-04-30,NCKL,1120.0,1120.0,1035.0,1045.0,95259600.0,yfinance_fallback,2026-05-19 07:25:56.245063
2026-05-04,NCKL,1040.0,1065.0,1020.0,1035.0,51878100.0,yfinance_fallback,2026-05-19 07:25:56.245063
2026-05-05,NCKL,1030.0,1030.0,990.0,1005.0,56437000.0,yfinance_fallback,2026-05-19 07:25:56.245063
2026-05-06,NCKL,1005.0,1070.0,1005.0,1060.0,61132400.0,yfinance_fallback,2026-05-19 07:25:56.245063
2026-05-07,NCKL,1060.0,1105.0,1040.0,1105.0,68422700.0,yfinance_fallback,2026-05-19 07:25:56.245063
2026-05-08,NCKL,1090.0,1090.0,1005.0,1015.0,57368100.0,yfinance_fallback,2026-05-19 07:25:56.245063
2026-05-11,NCKL,1030.0,1085.0,1000.0,1050.0,70908000.0,yfinance_fallback,2026-05-19 07:25:56.245063
2026-05-12,NCKL,1060.0,1060.0,1010.0,1045.0,38707400.0,yfinance_fallback,2026-05-19 07:25:56.245063
2026-05-13,NCKL,1025.0,1035.0,995.0,1000.0,52770400.0,yfinance_fallback,2026-05-19 07:25:56.245063
2026-05-14,NCKL,1000.0,1000.0,1000.0,1000.0,0.0,yfinance_fallback,2026-05-19 07:25:56.245063
2026-05-15,NCKL,1000.0,1000.0,1000.0,1000.0,0.0,yfinance_fallback,2026-05-19 07:25:56.245063
2026-05-18,NCKL,990.0,990.0,945.0,990.0,55070600.0,yfinance_fallback,2026-05-19 07:25:56.245063
2026-05-19,NCKL,1000.0,1000.0,850.0,875.0,125968900.0,yfinance_fallback,2026-05-19 07:25:56.245063
2026-05-20,NCKL,845.0,880.0,795.0,825.0,164097600.0,yfinance_fallback,2026-05-20 12:29:10.278102
2026-05-21,NCKL,830.0,840.0,790.0,815.0,89295100.0,yfinance_fallback,2026-05-21 12:48:51.407380
2026-04-20,PGAS,1930.0,1930.0,1890.0,1910.0,29267000.0,yfinance_fallback,2026-05-19 07:25:56.245063
2026-04-21,PGAS,1910.0,1915.0,1875.0,1915.0,20806700.0,yfinance_fallback,2026-05-19 07:25:56.245063
2026-04-22,PGAS,1910.0,1970.0,1905.0,1945.0,38784200.0,yfinance_fallback,2026-05-19 07:25:56.245063
2026-04-23,PGAS,1945.0,1950.0,1905.0,1940.0,40279200.0,yfinance_fallback,2026-05-19 07:25:56.245063
2026-04-24,PGAS,1940.0,1955.0,1900.0,1930.0,40491700.0,yfinance_fallback,2026-05-19 07:25:56.245063
2026-04-27,PGAS,1950.0,1955.0,1880.0,1880.0,31726800.0,yfinance_fallback,2026-05-19 07:25:56.245063
2026-04-28,PGAS,1895.0,1935.0,1895.0,1905.0,14316400.0,yfinance_fallback,2026-05-19 07:25:56.245063
2026-04-29,PGAS,1915.0,1930.0,1885.0,1920.0,14468700.0,yfinance_fallback,2026-05-19 07:25:56.245063
2026-04-30,PGAS,1920.0,1940.0,1850.0,1940.0,49935600.0,yfinance_fallback,2026-05-19 07:25:56.245063
2026-05-04,PGAS,1940.0,1940.0,1885.0,1890.0,21532000.0,yfinance_fallback,2026-05-19 07:25:56.245063
2026-05-05,PGAS,1855.0,1895.0,1855.0,1870.0,15179300.0,yfinance_fallback,2026-05-19 07:25:56.245063
2026-05-06,PGAS,1880.0,1905.0,1875.0,1895.0,16013000.0,yfinance_fallback,2026-05-19 07:25:56.245063
2026-05-07,PGAS,1905.0,1925.0,1895.0,1925.0,25370300.0,yfinance_fallback,2026-05-19 07:25:56.245063
2026-05-08,PGAS,1920.0,1925.0,1865.0,1870.0,17533300.0,yfinance_fallback,2026-05-19 07:25:56.245063
2026-05-11,PGAS,1870.0,1870.0,1820.0,1855.0,23195700.0,yfinance_fallback,2026-05-19 07:25:56.245063
2026-05-12,PGAS,1860.0,1885.0,1845.0,1860.0,14851200.0,yfinance_fallback,2026-05-19 07:25:56.245063
2026-05-13,PGAS,1860.0,1860.0,1840.0,1850.0,9472900.0,yfinance_fallback,2026-05-19 07:25:56.245063
2026-05-14,PGAS,1850.0,1850.0,1850.0,1850.0,0.0,yfinance_fallback,2026-05-19 07:25:56.245063
2026-05-15,PGAS,1850.0,1850.0,1850.0,1850.0,0.0,yfinance_fallback,2026-05-19 07:25:56.245063
2026-05-18,PGAS,1855.0,1865.0,1805.0,1860.0,36646300.0,yfinance_fallback,2026-05-19 07:25:56.245063
2026-05-19,PGAS,1865.0,1865.0,1760.0,1790.0,17669900.0,yfinance_fallback,2026-05-19 07:25:56.245063
2026-05-20,PGAS,1815.0,1820.0,1770.0,1800.0,25107100.0,yfinance_fallback,2026-05-20 12:29:10.278102
2026-05-21,PGAS,1795.0,1845.0,1790.0,1825.0,23757900.0,yfinance_fallback,2026-05-21 12:48:51.407380
2026-04-20,PTBA,2900.0,2910.0,2850.0,2870.0,14870300.0,yfinance_fallback,2026-05-19 07:25:56.245063
2026-04-21,PTBA,2870.0,2930.0,2850.0,2910.0,17370400.0,yfinance_fallback,2026-05-19 07:25:56.245063
2026-04-22,PTBA,2930.0,3000.0,2920.0,3000.0,26315500.0,yfinance_fallback,2026-05-19 07:25:56.245063
2026-04-23,PTBA,3020.0,3020.0,2930.0,2960.0,21797100.0,yfinance_fallback,2026-05-19 07:25:56.245063
2026-04-24,PTBA,2960.0,2960.0,2880.0,2900.0,20405800.0,yfinance_fallback,2026-05-19 07:25:56.245063
2026-04-27,PTBA,2900.0,2930.0,2860.0,2910.0,11926400.0,yfinance_fallback,2026-05-19 07:25:56.245063
2026-04-28,PTBA,2910.0,2920.0,2880.0,2890.0,9708300.0,yfinance_fallback,2026-05-19 07:25:56.245063
2026-04-29,PTBA,2890.0,2920.0,2870.0,2910.0,8737300.0,yfinance_fallback,2026-05-19 07:25:56.245063
2026-04-30,PTBA,2920.0,2930.0,2850.0,2870.0,14060300.0,yfinance_fallback,2026-05-19 07:25:56.245063
2026-05-04,PTBA,2900.0,2950.0,2890.0,2950.0,17446300.0,yfinance_fallback,2026-05-19 07:25:56.245063
2026-05-05,PTBA,2960.0,2970.0,2910.0,2950.0,11847100.0,yfinance_fallback,2026-05-19 07:25:56.245063
2026-05-06,PTBA,2950.0,2950.0,2900.0,2930.0,10142900.0,yfinance_fallback,2026-05-19 07:25:56.245063
2026-05-07,PTBA,2910.0,2930.0,2870.0,2880.0,15964800.0,yfinance_fallback,2026-05-19 07:25:56.245063
2026-05-08,PTBA,2890.0,2920.0,2850.0,2860.0,12602300.0,yfinance_fallback,2026-05-19 07:25:56.245063
2026-05-11,PTBA,2860.0,2900.0,2810.0,2870.0,15126200.0,yfinance_fallback,2026-05-19 07:25:56.245063
2026-05-12,PTBA,2870.0,2880.0,2820.0,2860.0,10044200.0,yfinance_fallback,2026-05-19 07:25:56.245063
2026-05-13,PTBA,2860.0,2860.0,2820.0,2830.0,7812400.0,yfinance_fallback,2026-05-19 07:25:56.245063
2026-05-14,PTBA,2830.0,2830.0,2830.0,2830.0,0.0,yfinance_fallback,2026-05-19 07:25:56.245063
2026-05-15,PTBA,2830.0,2830.0,2830.0,2830.0,0.0,yfinance_fallback,2026-05-19 07:25:56.245063
2026-05-18,PTBA,2840.0,2860.0,2760.0,2850.0,17488500.0,yfinance_fallback,2026-05-19 07:25:56.245063
2026-05-19,PTBA,2850.0,2870.0,2650.0,2690.0,24717400.0,yfinance_fallback,2026-05-19 07:25:56.245063
2026-05-20,PTBA,2650.0,2860.0,2620.0,2820.0,46764500.0,yfinance_fallback,2026-05-20 12:29:10.278102
2026-05-21,PTBA,2820.0,2850.0,2700.0,2710.0,23420700.0,yfinance_fallback,2026-05-21 12:48:51.407380
2026-04-20,SIDO,500.0,505.0,500.0,505.0,16398800.0,yfinance_fallback,2026-05-19 07:25:56.245063
2026-04-21,SIDO,505.0,505.0,500.0,505.0,9254900.0,yfinance_fallback,2026-05-19 07:25:56.245063
2026-04-22,SIDO,505.0,505.0,500.0,505.0,8917400.0,yfinance_fallback,2026-05-19 07:25:56.245063
2026-04-23,SIDO,505.0,505.0,500.0,500.0,11278300.0,yfinance_fallback,2026-05-19 07:25:56.245063
2026-04-24,SIDO,500.0,500.0,494.0,498.0,15485800.0,yfinance_fallback,2026-05-19 07:25:56.245063
2026-04-27,SIDO,496.0,500.0,494.0,496.0,9342000.0,yfinance_fallback,2026-05-19 07:25:56.245063
2026-04-28,SIDO,496.0,498.0,494.0,496.0,4890200.0,yfinance_fallback,2026-05-19 07:25:56.245063
2026-04-29,SIDO,496.0,520.0,496.0,515.0,27157900.0,yfinance_fallback,2026-05-19 07:25:56.245063
2026-04-30,SIDO,515.0,520.0,498.0,500.0,14354000.0,yfinance_fallback,2026-05-19 07:25:56.245063
2026-05-04,SIDO,494.0,494.0,484.0,484.0,34547500.0,yfinance_fallback,2026-05-19 07:25:56.245063
2026-05-05,SIDO,484.0,486.0,478.0,480.0,21127400.0,yfinance_fallback,2026-05-19 07:25:56.245063
2026-05-06,SIDO,480.0,482.0,460.0,476.0,44475700.0,yfinance_fallback,2026-05-19 07:25:56.245063
2026-05-07,SIDO,476.0,480.0,470.0,480.0,19536400.0,yfinance_fallback,2026-05-19 07:25:56.245063
2026-05-08,SIDO,480.0,482.0,478.0,478.0,26216100.0,yfinance_fallback,2026-05-19 07:25:56.245063
2026-05-11,SIDO,478.0,480.0,472.0,476.0,20064700.0,yfinance_fallback,2026-05-19 07:25:56.245063
2026-05-12,SIDO,472.0,474.0,466.0,466.0,18348000.0,yfinance_fallback,2026-05-19 07:25:56.245063
2026-05-13,SIDO,450.0,458.0,440.0,444.0,50781400.0,yfinance_fallback,2026-05-19 07:25:56.245063
2026-05-14,SIDO,444.0,444.0,444.0,444.0,0.0,yfinance_fallback,2026-05-19 07:25:56.245063
2026-05-15,SIDO,444.0,444.0,444.0,444.0,0.0,yfinance_fallback,2026-05-19 07:25:56.245063
2026-05-18,SIDO,444.0,444.0,410.0,416.0,63463000.0,yfinance_fallback,2026-05-19 07:25:56.245063
2026-05-19,SIDO,416.0,422.0,410.0,410.0,31199600.0,yfinance_fallback,2026-05-19 07:25:56.245063
2026-05-20,SIDO,408.0,414.0,402.0,402.0,44159500.0,yfinance_fallback,2026-05-20 12:29:10.278102
2026-05-21,SIDO,402.0,406.0,388.0,390.0,47924800.0,yfinance_fallback,2026-05-21 12:48:51.407380
2026-04-20,SMGR,2480.0,2490.0,2380.0,2390.0,11980100.0,yfinance_fallback,2026-05-19 07:25:56.245063
2026-04-21,SMGR,2400.0,2400.0,2370.0,2380.0,5912500.0,yfinance_fallback,2026-05-19 07:25:56.245063
2026-04-22,SMGR,2380.0,2430.0,2380.0,2390.0,6529600.0,yfinance_fallback,2026-05-19 07:25:56.245063
2026-04-23,SMGR,2390.0,2410.0,2260.0,2260.0,11046000.0,yfinance_fallback,2026-05-19 07:25:56.245063
2026-04-24,SMGR,2270.0,2280.0,2100.0,2130.0,24342200.0,yfinance_fallback,2026-05-19 07:25:56.245063
2026-04-27,SMGR,2130.0,2150.0,2060.0,2060.0,11663300.0,yfinance_fallback,2026-05-19 07:25:56.245063
2026-04-28,SMGR,2040.0,2070.0,2000.0,2040.0,12275400.0,yfinance_fallback,2026-05-19 07:25:56.245063
2026-04-29,SMGR,2050.0,2110.0,2020.0,2090.0,23431500.0,yfinance_fallback,2026-05-19 07:25:56.245063
2026-04-30,SMGR,2090.0,2110.0,2000.0,2000.0,17921400.0,yfinance_fallback,2026-05-19 07:25:56.245063
2026-05-04,SMGR,2040.0,2070.0,2010.0,2020.0,10092900.0,yfinance_fallback,2026-05-19 07:25:56.245063
2026-05-05,SMGR,2050.0,2130.0,2040.0,2080.0,9766100.0,yfinance_fallback,2026-05-19 07:25:56.245063
2026-05-06,SMGR,2100.0,2120.0,2050.0,2060.0,8485500.0,yfinance_fallback,2026-05-19 07:25:56.245063
2026-05-07,SMGR,2100.0,2170.0,2100.0,2150.0,14844600.0,yfinance_fallback,2026-05-19 07:25:56.245063
2026-05-08,SMGR,2160.0,2160.0,2080.0,2080.0,10398000.0,yfinance_fallback,2026-05-19 07:25:56.245063
2026-05-11,SMGR,2090.0,2100.0,2030.0,2060.0,10314800.0,yfinance_fallback,2026-05-19 07:25:56.245063
2026-05-12,SMGR,2060.0,2090.0,2030.0,2090.0,5484300.0,yfinance_fallback,2026-05-19 07:25:56.245063
2026-05-13,SMGR,2080.0,2090.0,2040.0,2070.0,5751200.0,yfinance_fallback,2026-05-19 07:25:56.245063
2026-05-14,SMGR,2070.0,2070.0,2070.0,2070.0,0.0,yfinance_fallback,2026-05-19 07:25:56.245063
2026-05-15,SMGR,2070.0,2070.0,2070.0,2070.0,0.0,yfinance_fallback,2026-05-19 07:25:56.245063
2026-05-18,SMGR,2050.0,2060.0,1985.0,2010.0,18221000.0,yfinance_fallback,2026-05-19 07:25:56.245063
2026-05-19,SMGR,2010.0,2030.0,1905.0,1925.0,15553900.0,yfinance_fallback,2026-05-19 07:25:56.245063
2026-05-20,SMGR,1920.0,1925.0,1810.0,1835.0,22673200.0,yfinance_fallback,2026-05-20 12:29:10.278102
2026-05-21,SMGR,1810.0,1830.0,1765.0,1775.0,15058600.0,yfinance_fallback,2026-05-21 12:48:51.407380
2026-04-20,SMRA,330.0,332.0,322.0,324.0,47444000.0,yfinance_fallback,2026-05-19 07:25:56.245063
2026-04-21,SMRA,326.0,328.0,320.0,322.0,56103600.0,yfinance_fallback,2026-05-19 07:25:56.245063
2026-04-22,SMRA,324.0,328.0,322.0,328.0,100057800.0,yfinance_fallback,2026-05-19 07:25:56.245063
2026-04-23,SMRA,328.0,330.0,320.0,322.0,42668200.0,yfinance_fallback,2026-05-19 07:25:56.245063
2026-04-24,SMRA,322.0,322.0,306.0,308.0,80441000.0,yfinance_fallback,2026-05-19 07:25:56.245063
2026-04-27,SMRA,308.0,308.0,302.0,302.0,47686900.0,yfinance_fallback,2026-05-19 07:25:56.245063
2026-04-28,SMRA,304.0,310.0,302.0,304.0,21384100.0,yfinance_fallback,2026-05-19 07:25:56.245063
2026-04-29,SMRA,304.0,322.0,304.0,322.0,43814200.0,yfinance_fallback,2026-05-19 07:25:56.245063
2026-04-30,SMRA,322.0,324.0,306.0,310.0,33083300.0,yfinance_fallback,2026-05-19 07:25:56.245063
2026-05-04,SMRA,308.0,310.0,304.0,310.0,25438900.0,yfinance_fallback,2026-05-19 07:25:56.245063
2026-05-05,SMRA,310.0,316.0,306.0,316.0,14595400.0,yfinance_fallback,2026-05-19 07:25:56.245063
2026-05-06,SMRA,316.0,326.0,316.0,322.0,20378500.0,yfinance_fallback,2026-05-19 07:25:56.245063
2026-05-07,SMRA,322.0,330.0,322.0,328.0,23829100.0,yfinance_fallback,2026-05-19 07:25:56.245063
2026-05-08,SMRA,328.0,328.0,320.0,322.0,19924600.0,yfinance_fallback,2026-05-19 07:25:56.245063
2026-05-11,SMRA,322.0,324.0,316.0,324.0,14332900.0,yfinance_fallback,2026-05-19 07:25:56.245063
2026-05-12,SMRA,324.0,324.0,318.0,318.0,6594800.0,yfinance_fallback,2026-05-19 07:25:56.245063
2026-05-13,SMRA,318.0,322.0,316.0,320.0,12751200.0,yfinance_fallback,2026-05-19 07:25:56.245063
2026-05-14,SMRA,320.0,320.0,320.0,320.0,0.0,yfinance_fallback,2026-05-19 07:25:56.245063
2026-05-15,SMRA,320.0,320.0,320.0,320.0,0.0,yfinance_fallback,2026-05-19 07:25:56.245063
2026-05-18,SMRA,318.0,318.0,306.0,310.0,34761500.0,yfinance_fallback,2026-05-19 07:25:56.245063
2026-05-19,SMRA,312.0,316.0,304.0,308.0,27949900.0,yfinance_fallback,2026-05-19 07:25:56.245063
2026-05-20,SMRA,306.0,308.0,300.0,306.0,25601500.0,yfinance_fallback,2026-05-20 12:29:10.278102
2026-05-21,SMRA,304.0,306.0,288.0,288.0,27817300.0,yfinance_fallback,2026-05-21 12:48:51.407380
2026-04-20,TKIM,8925.0,9100.0,8850.0,8950.0,1256600.0,yfinance_fallback,2026-05-19 07:25:56.245063
2026-04-21,TKIM,8950.0,9100.0,8875.0,9025.0,747100.0,yfinance_fallback,2026-05-19 07:25:56.245063
2026-04-22,TKIM,9100.0,9100.0,8850.0,8900.0,1019800.0,yfinance_fallback,2026-05-19 07:25:56.245063
2026-04-23,TKIM,8950.0,9200.0,8825.0,8900.0,2119700.0,yfinance_fallback,2026-05-19 07:25:56.245063
2026-04-24,TKIM,8950.0,8950.0,8650.0,8775.0,1011700.0,yfinance_fallback,2026-05-19 07:25:56.245063
2026-04-27,TKIM,8775.0,8925.0,8750.0,8775.0,799700.0,yfinance_fallback,2026-05-19 07:25:56.245063
2026-04-28,TKIM,8775.0,8900.0,8575.0,8575.0,677900.0,yfinance_fallback,2026-05-19 07:25:56.245063
2026-04-29,TKIM,8575.0,8700.0,8425.0,8525.0,1082800.0,yfinance_fallback,2026-05-19 07:25:56.245063
2026-04-30,TKIM,8600.0,8950.0,8575.0,8650.0,1497800.0,yfinance_fallback,2026-05-19 07:25:56.245063
2026-05-04,TKIM,8750.0,8900.0,8750.0,8850.0,1142200.0,yfinance_fallback,2026-05-19 07:25:56.245063
2026-05-05,TKIM,8850.0,8875.0,8475.0,8500.0,890600.0,yfinance_fallback,2026-05-19 07:25:56.245063
2026-05-06,TKIM,8525.0,8725.0,8525.0,8575.0,939300.0,yfinance_fallback,2026-05-19 07:25:56.245063
2026-05-07,TKIM,8700.0,8775.0,8425.0,8575.0,1720400.0,yfinance_fallback,2026-05-19 07:25:56.245063
2026-05-08,TKIM,8575.0,8600.0,8375.0,8375.0,1057000.0,yfinance_fallback,2026-05-19 07:25:56.245063
2026-05-11,TKIM,8375.0,8450.0,8150.0,8275.0,1609700.0,yfinance_fallback,2026-05-19 07:25:56.245063
2026-05-12,TKIM,8325.0,8350.0,7700.0,8075.0,5559000.0,yfinance_fallback,2026-05-19 07:25:56.245063
2026-05-13,TKIM,7550.0,8075.0,7525.0,8000.0,3251200.0,yfinance_fallback,2026-05-19 07:25:56.245063
2026-05-14,TKIM,8000.0,8000.0,8000.0,8000.0,0.0,yfinance_fallback,2026-05-19 07:25:56.245063
2026-05-15,TKIM,8000.0,8000.0,8000.0,8000.0,0.0,yfinance_fallback,2026-05-19 07:25:56.245063
2026-05-18,TKIM,7900.0,7900.0,7000.0,7450.0,13780100.0,yfinance_fallback,2026-05-19 07:25:56.245063
2026-05-19,TKIM,7450.0,7500.0,6950.0,7225.0,3776300.0,yfinance_fallback,2026-05-19 07:25:56.245063
2026-05-20,TKIM,7050.0,7075.0,6450.0,6725.0,11660400.0,yfinance_fallback,2026-05-20 12:29:10.278102
2026-05-21,TKIM,6800.0,6875.0,6425.0,6550.0,5285600.0,yfinance_fallback,2026-05-21 12:48:51.407380
2026-04-20,TLKM,3130.0,3160.0,3050.0,3100.0,142308900.0,yfinance_fallback,2026-05-19 07:25:56.245063
2026-04-21,TLKM,3050.0,3070.0,2980.0,3010.0,137586500.0,yfinance_fallback,2026-05-19 07:25:56.245063
2026-04-22,TLKM,3010.0,3030.0,2990.0,3000.0,57088500.0,yfinance_fallback,2026-05-19 07:25:56.245063
2026-04-23,TLKM,3010.0,3020.0,2880.0,2880.0,164145000.0,yfinance_fallback,2026-05-19 07:25:56.245063
2026-04-24,TLKM,2880.0,2940.0,2750.0,2810.0,254588000.0,yfinance_fallback,2026-05-19 07:25:56.245063
2026-04-27,TLKM,2850.0,2850.0,2810.0,2830.0,77838700.0,yfinance_fallback,2026-05-19 07:25:56.245063
2026-04-28,TLKM,2790.0,2820.0,2750.0,2820.0,146311100.0,yfinance_fallback,2026-05-19 07:25:56.245063
2026-04-29,TLKM,2820.0,2880.0,2800.0,2870.0,144598700.0,yfinance_fallback,2026-05-19 07:25:56.245063
2026-04-30,TLKM,2860.0,2870.0,2810.0,2810.0,134260800.0,yfinance_fallback,2026-05-19 07:25:56.245063
2026-05-04,TLKM,2840.0,2890.0,2840.0,2890.0,81120300.0,yfinance_fallback,2026-05-19 07:25:56.245063
2026-05-05,TLKM,2910.0,2940.0,2870.0,2880.0,71127200.0,yfinance_fallback,2026-05-19 07:25:56.245063
2026-05-06,TLKM,2890.0,2910.0,2870.0,2900.0,82205900.0,yfinance_fallback,2026-05-19 07:25:56.245063
2026-05-07,TLKM,2950.0,2980.0,2920.0,2930.0,102205600.0,yfinance_fallback,2026-05-19 07:25:56.245063
2026-05-08,TLKM,2930.0,3000.0,2900.0,2960.0,102107300.0,yfinance_fallback,2026-05-19 07:25:56.245063
2026-05-11,TLKM,2990.0,3010.0,2920.0,2960.0,58491000.0,yfinance_fallback,2026-05-19 07:25:56.245063
2026-05-12,TLKM,3000.0,3000.0,2860.0,2950.0,91619700.0,yfinance_fallback,2026-05-19 07:25:56.245063
2026-05-13,TLKM,2950.0,2970.0,2920.0,2960.0,62623700.0,yfinance_fallback,2026-05-19 07:25:56.245063
2026-05-14,TLKM,2960.0,2960.0,2960.0,2960.0,0.0,yfinance_fallback,2026-05-19 07:25:56.245063
2026-05-15,TLKM,2960.0,2960.0,2960.0,2960.0,0.0,yfinance_fallback,2026-05-19 07:25:56.245063
2026-05-18,TLKM,2910.0,3080.0,2860.0,3080.0,148994300.0,yfinance_fallback,2026-05-19 07:25:56.245063
2026-05-19,TLKM,3080.0,3130.0,3030.0,3120.0,88323100.0,yfinance_fallback,2026-05-19 07:25:56.245063
2026-05-20,TLKM,3130.0,3190.0,3100.0,3100.0,191400600.0,yfinance_fallback,2026-05-20 12:29:10.278102
2026-05-21,TLKM,3100.0,3120.0,2950.0,3000.0,141907000.0,yfinance_fallback,2026-05-21 12:48:51.407380
2026-04-20,TOWR,510.0,515.0,498.0,498.0,11059100.0,yfinance_fallback,2026-05-19 07:25:56.245063
2026-04-21,TOWR,500.0,505.0,494.0,505.0,8100200.0,yfinance_fallback,2026-05-19 07:25:56.245063
2026-04-22,TOWR,505.0,510.0,500.0,505.0,6999700.0,yfinance_fallback,2026-05-19 07:25:56.245063
2026-04-23,TOWR,505.0,510.0,500.0,505.0,6590300.0,yfinance_fallback,2026-05-19 07:25:56.245063
2026-04-24,TOWR,505.0,505.0,484.0,488.0,25527100.0,yfinance_fallback,2026-05-19 07:25:56.245063
2026-04-27,TOWR,486.0,490.0,480.0,482.0,12514100.0,yfinance_fallback,2026-05-19 07:25:56.245063
2026-04-28,TOWR,482.0,484.0,474.0,476.0,14186600.0,yfinance_fallback,2026-05-19 07:25:56.245063
2026-04-29,TOWR,478.0,482.0,476.0,478.0,8012900.0,yfinance_fallback,2026-05-19 07:25:56.245063
2026-04-30,TOWR,478.0,486.0,472.0,476.0,16153700.0,yfinance_fallback,2026-05-19 07:25:56.245063
2026-05-04,TOWR,478.0,486.0,478.0,482.0,9129100.0,yfinance_fallback,2026-05-19 07:25:56.245063
2026-05-05,TOWR,484.0,488.0,476.0,488.0,5938100.0,yfinance_fallback,2026-05-19 07:25:56.245063
2026-05-06,TOWR,488.0,490.0,476.0,480.0,8742900.0,yfinance_fallback,2026-05-19 07:25:56.245063
2026-05-07,TOWR,482.0,484.0,472.0,480.0,22157500.0,yfinance_fallback,2026-05-19 07:25:56.245063
2026-05-08,TOWR,480.0,484.0,474.0,474.0,14345200.0,yfinance_fallback,2026-05-19 07:25:56.245063
2026-05-11,TOWR,474.0,474.0,470.0,472.0,12962100.0,yfinance_fallback,2026-05-19 07:25:56.245063
2026-05-12,TOWR,472.0,476.0,468.0,476.0,7694800.0,yfinance_fallback,2026-05-19 07:25:56.245063
2026-05-13,TOWR,476.0,476.0,468.0,470.0,10654000.0,yfinance_fallback,2026-05-19 07:25:56.245063
2026-05-14,TOWR,470.0,470.0,470.0,470.0,0.0,yfinance_fallback,2026-05-19 07:25:56.245063
2026-05-15,TOWR,470.0,470.0,470.0,470.0,0.0,yfinance_fallback,2026-05-19 07:25:56.245063
2026-05-18,TOWR,470.0,470.0,448.0,448.0,51566500.0,yfinance_fallback,2026-05-19 07:25:56.245063
2026-05-19,TOWR,446.0,448.0,426.0,432.0,54169400.0,yfinance_fallback,2026-05-19 07:25:56.245063
2026-05-20,TOWR,430.0,432.0,408.0,410.0,68385900.0,yfinance_fallback,2026-05-20 12:29:10.278102
2026-05-21,TOWR,408.0,412.0,398.0,400.0,43378600.0,yfinance_fallback,2026-05-21 12:48:51.407380
2026-04-20,TPIA,6300.0,6350.0,6050.0,6075.0,10324000.0,yfinance_fallback,2026-05-19 07:25:56.245063
2026-04-21,TPIA,6100.0,6575.0,5925.0,6300.0,26289300.0,yfinance_fallback,2026-05-19 07:25:56.245063
2026-04-22,TPIA,6475.0,6475.0,6175.0,6175.0,8184300.0,yfinance_fallback,2026-05-19 07:25:56.245063
2026-04-23,TPIA,6225.0,6250.0,6050.0,6150.0,4682700.0,yfinance_fallback,2026-05-19 07:25:56.245063
2026-04-24,TPIA,6150.0,6300.0,5925.0,6000.0,9006500.0,yfinance_fallback,2026-05-19 07:25:56.245063
2026-04-27,TPIA,6000.0,6300.0,5750.0,5750.0,6943800.0,yfinance_fallback,2026-05-19 07:25:56.245063
2026-04-28,TPIA,5750.0,5925.0,5500.0,5550.0,8598000.0,yfinance_fallback,2026-05-19 07:25:56.245063
2026-04-29,TPIA,5600.0,5600.0,5225.0,5300.0,9186400.0,yfinance_fallback,2026-05-19 07:25:56.245063
2026-04-30,TPIA,5325.0,5375.0,5000.0,5300.0,11335200.0,yfinance_fallback,2026-05-19 07:25:56.245063
2026-05-04,TPIA,5500.0,5650.0,5075.0,5075.0,11073000.0,yfinance_fallback,2026-05-19 07:25:56.245063
2026-05-05,TPIA,5025.0,6075.0,4990.0,6075.0,25884800.0,yfinance_fallback,2026-05-19 07:25:56.245063
2026-05-06,TPIA,6175.0,6700.0,6175.0,6375.0,39270600.0,yfinance_fallback,2026-05-19 07:25:56.245063
2026-05-07,TPIA,6575.0,6725.0,5675.0,5725.0,46448500.0,yfinance_fallback,2026-05-19 07:25:56.245063
2026-05-08,TPIA,5775.0,5850.0,5500.0,5500.0,16048400.0,yfinance_fallback,2026-05-19 07:25:56.245063
2026-05-11,TPIA,5550.0,5625.0,5050.0,5050.0,22948700.0,yfinance_fallback,2026-05-19 07:25:56.245063
2026-05-12,TPIA,5000.0,5375.0,5000.0,5050.0,24051100.0,yfinance_fallback,2026-05-19 07:25:56.245063
2026-05-13,TPIA,4300.0,4610.0,4300.0,4300.0,75247700.0,yfinance_fallback,2026-05-19 07:25:56.245063
2026-05-14,TPIA,4300.0,4300.0,4300.0,4300.0,0.0,yfinance_fallback,2026-05-19 07:25:56.245063
2026-05-15,TPIA,4300.0,4300.0,4300.0,4300.0,0.0,yfinance_fallback,2026-05-19 07:25:56.245063
2026-05-18,TPIA,3700.0,3790.0,3660.0,3660.0,51677800.0,yfinance_fallback,2026-05-19 07:25:56.245063
2026-05-19,TPIA,3490.0,3490.0,3120.0,3120.0,77411300.0,yfinance_fallback,2026-05-19 07:25:56.245063
2026-05-20,TPIA,2840.0,2930.0,2660.0,2660.0,217307900.0,yfinance_fallback,2026-05-20 12:29:10.278102
2026-05-21,TPIA,2450.0,2460.0,2270.0,2270.0,110521500.0,yfinance_fallback,2026-05-21 12:48:51.407380
2026-04-20,UNTR,31750.0,31775.0,31450.0,31600.0,1659300.0,yfinance_fallback,2026-05-19 07:25:56.245063
2026-04-21,UNTR,32000.0,32225.0,31725.0,31975.0,3372500.0,yfinance_fallback,2026-05-19 07:25:56.245063
2026-04-22,UNTR,32400.0,32550.0,32200.0,32500.0,3460500.0,yfinance_fallback,2026-05-19 07:25:56.245063
2026-04-23,UNTR,32625.0,32825.0,32200.0,32500.0,3299700.0,yfinance_fallback,2026-05-19 07:25:56.245063
2026-04-24,UNTR,32500.0,32500.0,31650.0,31850.0,2912800.0,yfinance_fallback,2026-05-19 07:25:56.245063
2026-04-27,UNTR,31425.0,31425.0,30200.0,30675.0,2868500.0,yfinance_fallback,2026-05-19 07:25:56.245063
2026-04-28,UNTR,30675.0,30750.0,30100.0,30175.0,2181700.0,yfinance_fallback,2026-05-19 07:25:56.245063
2026-04-29,UNTR,30250.0,30975.0,30100.0,30425.0,1691600.0,yfinance_fallback,2026-05-19 07:25:56.245063
2026-04-30,UNTR,29975.0,29975.0,28500.0,29050.0,7029800.0,yfinance_fallback,2026-05-19 07:25:56.245063
2026-05-04,UNTR,29000.0,29400.0,28500.0,29100.0,3439500.0,yfinance_fallback,2026-05-19 07:25:56.245063
2026-05-05,UNTR,29100.0,29175.0,28750.0,28750.0,2598800.0,yfinance_fallback,2026-05-19 07:25:56.245063
2026-05-06,UNTR,29000.0,29350.0,28700.0,29350.0,2535000.0,yfinance_fallback,2026-05-19 07:25:56.245063
2026-05-07,UNTR,29400.0,29575.0,29275.0,29550.0,1826700.0,yfinance_fallback,2026-05-19 07:25:56.245063
2026-05-08,UNTR,29550.0,29550.0,27400.0,27400.0,4791100.0,yfinance_fallback,2026-05-19 07:25:56.245063
2026-05-11,UNTR,27575.0,27800.0,27175.0,27175.0,3776000.0,yfinance_fallback,2026-05-19 07:25:56.245063
2026-05-12,UNTR,27200.0,27400.0,26250.0,27175.0,3876600.0,yfinance_fallback,2026-05-19 07:25:56.245063
2026-05-13,UNTR,27175.0,27200.0,26600.0,26900.0,2598700.0,yfinance_fallback,2026-05-19 07:25:56.245063
2026-05-14,UNTR,26900.0,26900.0,26900.0,26900.0,0.0,yfinance_fallback,2026-05-19 07:25:56.245063
2026-05-15,UNTR,26900.0,26900.0,26900.0,26900.0,0.0,yfinance_fallback,2026-05-19 07:25:56.245063
2026-05-18,UNTR,26900.0,26900.0,25600.0,26475.0,5329700.0,yfinance_fallback,2026-05-19 07:25:56.245063
2026-05-19,UNTR,26600.0,26650.0,25425.0,25550.0,2240600.0,yfinance_fallback,2026-05-19 07:25:56.245063
2026-05-20,UNTR,25500.0,25500.0,24700.0,24850.0,3562100.0,yfinance_fallback,2026-05-20 12:29:10.278102
2026-05-21,UNTR,24900.0,25275.0,23850.0,24100.0,2919700.0,yfinance_fallback,2026-05-21 12:48:51.407380
2026-04-20,UNVR,1870.0,1885.0,1820.0,1820.0,14771400.0,yfinance_fallback,2026-05-19 07:25:56.245063
2026-04-21,UNVR,1820.0,1820.0,1790.0,1800.0,13679100.0,yfinance_fallback,2026-05-19 07:25:56.245063
2026-04-22,UNVR,1800.0,1820.0,1760.0,1765.0,20485500.0,yfinance_fallback,2026-05-19 07:25:56.245063
2026-04-23,UNVR,1760.0,1760.0,1675.0,1675.0,46396500.0,yfinance_fallback,2026-05-19 07:25:56.245063
2026-04-24,UNVR,1675.0,1685.0,1565.0,1575.0,41658200.0,yfinance_fallback,2026-05-19 07:25:56.245063
2026-04-27,UNVR,1575.0,1575.0,1510.0,1520.0,40053800.0,yfinance_fallback,2026-05-19 07:25:56.245063
2026-04-28,UNVR,1525.0,1545.0,1485.0,1485.0,42672500.0,yfinance_fallback,2026-05-19 07:25:56.245063
2026-04-29,UNVR,1495.0,1595.0,1495.0,1575.0,38824200.0,yfinance_fallback,2026-05-19 07:25:56.245063
2026-04-30,UNVR,1615.0,1615.0,1530.0,1535.0,50188300.0,yfinance_fallback,2026-05-19 07:25:56.245063
2026-05-04,UNVR,1555.0,1600.0,1550.0,1560.0,36660100.0,yfinance_fallback,2026-05-19 07:25:56.245063
2026-05-05,UNVR,1555.0,1685.0,1540.0,1640.0,42348300.0,yfinance_fallback,2026-05-19 07:25:56.245063
2026-05-06,UNVR,1655.0,1810.0,1655.0,1805.0,75977100.0,yfinance_fallback,2026-05-19 07:25:56.245063
2026-05-07,UNVR,1810.0,1855.0,1790.0,1835.0,47653800.0,yfinance_fallback,2026-05-19 07:25:56.245063
2026-05-08,UNVR,1835.0,1840.0,1795.0,1800.0,18226100.0,yfinance_fallback,2026-05-19 07:25:56.245063
2026-05-11,UNVR,1805.0,1815.0,1760.0,1785.0,15722700.0,yfinance_fallback,2026-05-19 07:25:56.245063
2026-05-12,UNVR,1790.0,1825.0,1755.0,1800.0,15541900.0,yfinance_fallback,2026-05-19 07:25:56.245063
2026-05-13,UNVR,1800.0,1800.0,1770.0,1785.0,6834600.0,yfinance_fallback,2026-05-19 07:25:56.245063
2026-05-14,UNVR,1785.0,1785.0,1785.0,1785.0,0.0,yfinance_fallback,2026-05-19 07:25:56.245063
2026-05-15,UNVR,1785.0,1785.0,1785.0,1785.0,0.0,yfinance_fallback,2026-05-19 07:25:56.245063
2026-05-18,UNVR,1775.0,1780.0,1710.0,1770.0,18683500.0,yfinance_fallback,2026-05-19 07:25:56.245063
2026-05-19,UNVR,1765.0,1775.0,1720.0,1725.0,9172200.0,yfinance_fallback,2026-05-19 07:25:56.245063
2026-05-20,UNVR,1755.0,1815.0,1750.0,1795.0,19068500.0,yfinance_fallback,2026-05-20 12:29:10.278102
2026-05-21,UNVR,1810.0,1815.0,1745.0,1750.0,17561800.0,yfinance_fallback,2026-05-21 12:48:51.407380
